query_id,subject_id,gene_id,gene_name,is_intron,perc_identity,num_ident_matches,alig_length,mismatches,gap_openings,n_gaps,pos_match,ppos,q_start,q_end,q_len,qcov,qcovhsp,s_start,s_end,s_len,evalue,bit_score,score_raw,gene_biotype
id_1,ENSG00000185737,ENSG00000185737,NA,I10,100,18,18,0,0,0,18,100,34,51,52,35,35,49549,49566,379788,1.7,36.2,18,NA
id_1,ENSG00000157796,ENSG00000157796,NA,I40,100,18,18,0,0,0,18,100,30,47,52,35,35,2825,2842,2959,1.7,36.2,18,NA
id_1,ENSG00000231826,ENSG00000231826,NA,I3,100,18,18,0,0,0,18,100,26,43,52,35,35,353,370,1237,1.7,36.2,18,NA
id_1,ENSG00000187079,ENSG00000187079,NA,I4,100,18,18,0,0,0,18,100,20,37,52,35,35,12069,12052,97895,1.7,36.2,18,NA
id_2,ENSG00000187079,ENSG00000187079,NA,I4,100,18,18,0,0,0,18,100,19,36,52,35,35,12069,12052,97895,1.7,36.2,18,NA
id_2,ENSG00000185737,ENSG00000185737,NA,I10,100,18,18,0,0,0,18,100,33,50,52,35,35,49549,49566,379788,1.7,36.2,18,NA
id_2,ENSG00000157796,ENSG00000157796,NA,I40,100,18,18,0,0,0,18,100,29,46,52,35,35,2825,2842,2959,1.7,36.2,18,NA
id_2,ENSG00000231826,ENSG00000231826,NA,I3,100,18,18,0,0,0,18,100,25,42,52,35,35,353,370,1237,1.7,36.2,18,NA
id_3,ENSG00000185737,ENSG00000185737,NA,I10,100,18,18,0,0,0,18,100,32,49,52,35,35,49549,49566,379788,1.7,36.2,18,NA
id_3,ENSG00000187079,ENSG00000187079,NA,I4,100,18,18,0,0,0,18,100,18,35,52,35,35,12069,12052,97895,1.7,36.2,18,NA
id_3,ENSG00000157796,ENSG00000157796,NA,I40,100,18,18,0,0,0,18,100,28,45,52,35,35,2825,2842,2959,1.7,36.2,18,NA
id_3,ENSG00000231826,ENSG00000231826,NA,I3,100,18,18,0,0,0,18,100,24,41,52,35,35,353,370,1237,1.7,36.2,18,NA
id_4,ENSG00000187079,ENSG00000187079,NA,I4,100,18,18,0,0,0,18,100,17,34,52,35,35,12069,12052,97895,1.7,36.2,18,NA
id_4,ENSG00000185737,ENSG00000185737,NA,I10,100,18,18,0,0,0,18,100,31,48,52,35,35,49549,49566,379788,1.7,36.2,18,NA
id_4,ENSG00000157796,ENSG00000157796,NA,I40,100,18,18,0,0,0,18,100,27,44,52,35,35,2825,2842,2959,1.7,36.2,18,NA
id_4,ENSG00000231826,ENSG00000231826,NA,I3,100,18,18,0,0,0,18,100,23,40,52,35,35,353,370,1237,1.7,36.2,18,NA
id_5,ENSG00000185737,ENSG00000185737,NA,I10,100,18,18,0,0,0,18,100,30,47,52,35,35,49549,49566,379788,1.7,36.2,18,NA
id_5,ENSG00000157796,ENSG00000157796,NA,I40,100,18,18,0,0,0,18,100,26,43,52,35,35,2825,2842,2959,1.7,36.2,18,NA
id_5,ENSG00000231826,ENSG00000231826,NA,I3,100,18,18,0,0,0,18,100,22,39,52,35,35,353,370,1237,1.7,36.2,18,NA
id_5,ENSG00000187079,ENSG00000187079,NA,I4,100,18,18,0,0,0,18,100,16,33,52,35,35,12069,12052,97895,1.7,36.2,18,NA
id_6,ENSG00000185737,ENSG00000185737,NA,I10,100,18,18,0,0,0,18,100,29,46,52,35,35,49549,49566,379788,1.7,36.2,18,NA
id_6,ENSG00000187079,ENSG00000187079,NA,I4,100,18,18,0,0,0,18,100,15,32,52,35,35,12069,12052,97895,1.7,36.2,18,NA
id_6,ENSG00000157796,ENSG00000157796,NA,I40,100,18,18,0,0,0,18,100,25,42,52,35,35,2825,2842,2959,1.7,36.2,18,NA
id_6,ENSG00000231826,ENSG00000231826,NA,I3,100,18,18,0,0,0,18,100,21,38,52,35,35,353,370,1237,1.7,36.2,18,NA
id_7,ENSG00000185737,ENSG00000185737,NA,I10,100,18,18,0,0,0,18,100,28,45,52,35,35,49549,49566,379788,1.7,36.2,18,NA
id_7,ENSG00000187079,ENSG00000187079,NA,I4,100,18,18,0,0,0,18,100,14,31,52,35,35,12069,12052,97895,1.7,36.2,18,NA
id_7,ENSG00000157796,ENSG00000157796,NA,I40,100,18,18,0,0,0,18,100,24,41,52,35,35,2825,2842,2959,1.7,36.2,18,NA
id_7,ENSG00000231826,ENSG00000231826,NA,I3,100,18,18,0,0,0,18,100,20,37,52,35,35,353,370,1237,1.7,36.2,18,NA
id_8,ENSG00000185737,ENSG00000185737,NA,I10,100,18,18,0,0,0,18,100,27,44,52,35,35,49549,49566,379788,1.7,36.2,18,NA
id_8,ENSG00000187079,ENSG00000187079,NA,I4,100,18,18,0,0,0,18,100,13,30,52,35,35,12069,12052,97895,1.7,36.2,18,NA
id_8,ENSG00000157796,ENSG00000157796,NA,I40,100,18,18,0,0,0,18,100,23,40,52,35,35,2825,2842,2959,1.7,36.2,18,NA
id_8,ENSG00000231826,ENSG00000231826,NA,I3,100,18,18,0,0,0,18,100,19,36,52,35,35,353,370,1237,1.7,36.2,18,NA
id_9,ENSG00000185737,ENSG00000185737,NA,I10,100,18,18,0,0,0,18,100,26,43,52,35,35,49549,49566,379788,1.7,36.2,18,NA
id_9,ENSG00000187079,ENSG00000187079,NA,I4,100,18,18,0,0,0,18,100,12,29,52,35,35,12069,12052,97895,1.7,36.2,18,NA
id_9,ENSG00000157796,ENSG00000157796,NA,I40,100,18,18,0,0,0,18,100,22,39,52,35,35,2825,2842,2959,1.7,36.2,18,NA
id_9,ENSG00000231826,ENSG00000231826,NA,I3,100,18,18,0,0,0,18,100,18,35,52,35,35,353,370,1237,1.7,36.2,18,NA
id_10,ENSG00000185737,ENSG00000185737,NA,I10,100,18,18,0,0,0,18,100,25,42,52,35,35,49549,49566,379788,1.7,36.2,18,NA
id_10,ENSG00000187079,ENSG00000187079,NA,I4,100,18,18,0,0,0,18,100,11,28,52,35,35,12069,12052,97895,1.7,36.2,18,NA
id_10,ENSG00000157796,ENSG00000157796,NA,I40,100,18,18,0,0,0,18,100,21,38,52,35,35,2825,2842,2959,1.7,36.2,18,NA
id_10,ENSG00000231826,ENSG00000231826,NA,I3,100,18,18,0,0,0,18,100,17,34,52,35,35,353,370,1237,1.7,36.2,18,NA
id_11,ENSG00000185737,ENSG00000185737,NA,I10,100,18,18,0,0,0,18,100,24,41,52,35,35,49549,49566,379788,1.7,36.2,18,NA
id_11,ENSG00000157796,ENSG00000157796,NA,I40,100,18,18,0,0,0,18,100,20,37,52,35,35,2825,2842,2959,1.7,36.2,18,NA
id_11,ENSG00000231826,ENSG00000231826,NA,I3,100,18,18,0,0,0,18,100,16,33,52,35,35,353,370,1237,1.7,36.2,18,NA
id_11,ENSG00000187079,ENSG00000187079,NA,I4,100,18,18,0,0,0,18,100,10,27,52,35,35,12069,12052,97895,1.7,36.2,18,NA
id_12,ENSG00000185737,ENSG00000185737,NA,I10,100,18,18,0,0,0,18,100,23,40,52,35,35,49549,49566,379788,1.7,36.2,18,NA
id_12,ENSG00000157796,ENSG00000157796,NA,I40,100,18,18,0,0,0,18,100,19,36,52,35,35,2825,2842,2959,1.7,36.2,18,NA
id_12,ENSG00000231826,ENSG00000231826,NA,I3,100,18,18,0,0,0,18,100,15,32,52,35,35,353,370,1237,1.7,36.2,18,NA
id_12,ENSG00000187079,ENSG00000187079,NA,I4,100,18,18,0,0,0,18,100,9,26,52,35,35,12069,12052,97895,1.7,36.2,18,NA
id_13,ENSG00000185737,ENSG00000185737,NA,I10,100,18,18,0,0,0,18,100,22,39,52,35,35,49549,49566,379788,1.7,36.2,18,NA
id_13,ENSG00000157796,ENSG00000157796,NA,I40,100,18,18,0,0,0,18,100,18,35,52,35,35,2825,2842,2959,1.7,36.2,18,NA
id_13,ENSG00000231826,ENSG00000231826,NA,I3,100,18,18,0,0,0,18,100,14,31,52,35,35,353,370,1237,1.7,36.2,18,NA
id_13,ENSG00000187079,ENSG00000187079,NA,I4,100,18,18,0,0,0,18,100,8,25,52,35,35,12069,12052,97895,1.7,36.2,18,NA
id_14,ENSG00000185737,ENSG00000185737,NA,I10,100,18,18,0,0,0,18,100,21,38,52,35,35,49549,49566,379788,1.7,36.2,18,NA
id_14,ENSG00000157796,ENSG00000157796,NA,I40,100,18,18,0,0,0,18,100,17,34,52,35,35,2825,2842,2959,1.7,36.2,18,NA
id_14,ENSG00000231826,ENSG00000231826,NA,I3,100,18,18,0,0,0,18,100,13,30,52,35,35,353,370,1237,1.7,36.2,18,NA
id_14,ENSG00000187079,ENSG00000187079,NA,I4,100,18,18,0,0,0,18,100,7,24,52,35,35,12069,12052,97895,1.7,36.2,18,NA
id_15,ENSG00000185737,ENSG00000185737,NA,I10,100,18,18,0,0,0,18,100,20,37,52,35,35,49549,49566,379788,1.7,36.2,18,NA
id_15,ENSG00000187079,ENSG00000187079,NA,I4,100,18,18,0,0,0,18,100,6,23,52,35,35,12069,12052,97895,1.7,36.2,18,NA
id_15,ENSG00000157796,ENSG00000157796,NA,I40,100,18,18,0,0,0,18,100,16,33,52,35,35,2825,2842,2959,1.7,36.2,18,NA
id_15,ENSG00000231826,ENSG00000231826,NA,I3,100,18,18,0,0,0,18,100,12,29,52,35,35,353,370,1237,1.7,36.2,18,NA
id_16,ENSG00000185737,ENSG00000185737,NA,I10,100,18,18,0,0,0,18,100,19,36,52,35,35,49549,49566,379788,1.7,36.2,18,NA
id_16,ENSG00000157796,ENSG00000157796,NA,I40,100,18,18,0,0,0,18,100,15,32,52,35,35,2825,2842,2959,1.7,36.2,18,NA
id_16,ENSG00000231826,ENSG00000231826,NA,I3,100,18,18,0,0,0,18,100,11,28,52,35,35,353,370,1237,1.7,36.2,18,NA
id_16,ENSG00000187079,ENSG00000187079,NA,I4,100,18,18,0,0,0,18,100,5,22,52,35,35,12069,12052,97895,1.7,36.2,18,NA
id_17,ENSG00000185737,ENSG00000185737,NA,I10,100,18,18,0,0,0,18,100,18,35,52,35,35,49549,49566,379788,1.7,36.2,18,NA
id_17,ENSG00000157796,ENSG00000157796,NA,I40,100,18,18,0,0,0,18,100,14,31,52,35,35,2825,2842,2959,1.7,36.2,18,NA
id_17,ENSG00000231826,ENSG00000231826,NA,I3,100,18,18,0,0,0,18,100,10,27,52,35,35,353,370,1237,1.7,36.2,18,NA
id_17,ENSG00000187079,ENSG00000187079,NA,I4,100,18,18,0,0,0,18,100,4,21,52,35,35,12069,12052,97895,1.7,36.2,18,NA
id_18,ENSG00000185737,ENSG00000185737,NA,I10,100,18,18,0,0,0,18,100,17,34,52,35,35,49549,49566,379788,1.7,36.2,18,NA
id_18,ENSG00000157796,ENSG00000157796,NA,I40,100,18,18,0,0,0,18,100,13,30,52,35,35,2825,2842,2959,1.7,36.2,18,NA
id_18,ENSG00000231826,ENSG00000231826,NA,I3,100,18,18,0,0,0,18,100,9,26,52,35,35,353,370,1237,1.7,36.2,18,NA
id_18,ENSG00000187079,ENSG00000187079,NA,I4,100,18,18,0,0,0,18,100,3,20,52,35,35,12069,12052,97895,1.7,36.2,18,NA
id_19,ENSG00000185737,ENSG00000185737,NA,I10,100,18,18,0,0,0,18,100,16,33,52,35,35,49549,49566,379788,1.7,36.2,18,NA
id_19,ENSG00000157796,ENSG00000157796,NA,I40,100,18,18,0,0,0,18,100,12,29,52,35,35,2825,2842,2959,1.7,36.2,18,NA
id_19,ENSG00000231826,ENSG00000231826,NA,I3,100,18,18,0,0,0,18,100,8,25,52,35,35,353,370,1237,1.7,36.2,18,NA
id_19,ENSG00000187079,ENSG00000187079,NA,I4,100,18,18,0,0,0,18,100,2,19,52,35,35,12069,12052,97895,1.7,36.2,18,NA
id_20,ENSG00000185737,ENSG00000185737,NA,I10,100,18,18,0,0,0,18,100,15,32,52,35,35,49549,49566,379788,1.7,36.2,18,NA
id_20,ENSG00000157796,ENSG00000157796,NA,I40,100,18,18,0,0,0,18,100,11,28,52,35,35,2825,2842,2959,1.7,36.2,18,NA
id_20,ENSG00000231826,ENSG00000231826,NA,I3,100,18,18,0,0,0,18,100,7,24,52,35,35,353,370,1237,1.7,36.2,18,NA
id_20,ENSG00000187079,ENSG00000187079,NA,I4,100,18,18,0,0,0,18,100,1,18,52,35,35,12069,12052,97895,1.7,36.2,18,NA
id_21,ENSG00000185737,ENSG00000185737,NA,I10,100,18,18,0,0,0,18,100,14,31,52,35,35,49549,49566,379788,1.7,36.2,18,NA
id_21,ENSG00000157796,ENSG00000157796,NA,I40,100,18,18,0,0,0,18,100,10,27,52,35,35,2825,2842,2959,1.7,36.2,18,NA
id_21,ENSG00000231826,ENSG00000231826,NA,I3,100,18,18,0,0,0,18,100,6,23,52,35,35,353,370,1237,1.7,36.2,18,NA
id_31,ENSG00000117242,ENSG00000117242,NA,I1,100,20,20,0,0,0,20,100,26,45,52,38,38,871,890,2546,0.11,40.1,20,NA
id_31,ENSG00000158828,ENSG00000158828,NA,I4,100,20,20,0,0,0,20,100,26,45,52,38,38,122,103,967,0.11,40.1,20,NA
id_31,ENSG00000185737,ENSG00000185737,NA,I10,100,18,18,0,0,0,18,100,4,21,52,35,35,49549,49566,379788,1.7,36.2,18,NA
id_32,ENSG00000117242,ENSG00000117242,NA,I1,100,20,20,0,0,0,20,100,25,44,52,38,38,871,890,2546,0.11,40.1,20,NA
id_32,ENSG00000158828,ENSG00000158828,NA,I4,100,20,20,0,0,0,20,100,25,44,52,38,38,122,103,967,0.11,40.1,20,NA
id_32,ENSG00000185737,ENSG00000185737,NA,I10,100,18,18,0,0,0,18,100,3,20,52,35,35,49549,49566,379788,1.7,36.2,18,NA
id_33,ENSG00000117242,ENSG00000117242,NA,I1,100,20,20,0,0,0,20,100,24,43,52,38,38,871,890,2546,0.11,40.1,20,NA
id_33,ENSG00000158828,ENSG00000158828,NA,I4,100,20,20,0,0,0,20,100,24,43,52,38,38,122,103,967,0.11,40.1,20,NA
id_33,ENSG00000185737,ENSG00000185737,NA,I10,100,18,18,0,0,0,18,100,2,19,52,35,35,49549,49566,379788,1.7,36.2,18,NA
id_34,ENSG00000117242,ENSG00000117242,NA,I1,100,20,20,0,0,0,20,100,23,42,52,38,38,871,890,2546,0.11,40.1,20,NA
id_34,ENSG00000158828,ENSG00000158828,NA,I4,100,20,20,0,0,0,20,100,23,42,52,38,38,122,103,967,0.11,40.1,20,NA
id_34,ENSG00000185737,ENSG00000185737,NA,I10,100,18,18,0,0,0,18,100,1,18,52,35,35,49549,49566,379788,1.7,36.2,18,NA
id_35,ENSG00000117242,ENSG00000117242,NA,I1,100,20,20,0,0,0,20,100,22,41,52,38,38,871,890,2546,0.11,40.1,20,NA
id_35,ENSG00000158828,ENSG00000158828,NA,I4,100,20,20,0,0,0,20,100,22,41,52,38,38,122,103,967,0.11,40.1,20,NA
id_36,ENSG00000117242,ENSG00000117242,NA,I1,100,20,20,0,0,0,20,100,21,40,52,38,38,871,890,2546,0.11,40.1,20,NA
id_36,ENSG00000158828,ENSG00000158828,NA,I4,100,20,20,0,0,0,20,100,21,40,52,38,38,122,103,967,0.11,40.1,20,NA
id_37,ENSG00000117242,ENSG00000117242,NA,I1,100,20,20,0,0,0,20,100,20,39,52,38,38,871,890,2546,0.11,40.1,20,NA
id_37,ENSG00000158828,ENSG00000158828,NA,I4,100,20,20,0,0,0,20,100,20,39,52,38,38,122,103,967,0.11,40.1,20,NA
id_38,ENSG00000117242,ENSG00000117242,NA,I1,100,20,20,0,0,0,20,100,19,38,52,38,38,871,890,2546,0.11,40.1,20,NA
id_38,ENSG00000158828,ENSG00000158828,NA,I4,100,20,20,0,0,0,20,100,19,38,52,38,38,122,103,967,0.11,40.1,20,NA
id_39,ENSG00000158828,ENSG00000158828,NA,I4,100,20,20,0,0,0,20,100,18,37,52,38,38,122,103,967,0.11,40.1,20,NA
id_39,ENSG00000117242,ENSG00000117242,NA,I1,100,20,20,0,0,0,20,100,18,37,52,38,38,871,890,2546,0.11,40.1,20,NA
id_40,ENSG00000158828,ENSG00000158828,NA,I4,100,20,20,0,0,0,20,100,17,36,52,38,38,122,103,967,0.11,40.1,20,NA
id_40,ENSG00000117242,ENSG00000117242,NA,I1,100,20,20,0,0,0,20,100,17,36,52,38,38,871,890,2546,0.11,40.1,20,NA
id_41,ENSG00000158828,ENSG00000158828,NA,I4,100,20,20,0,0,0,20,100,16,35,52,38,38,122,103,967,0.11,40.1,20,NA
id_41,ENSG00000117242,ENSG00000117242,NA,I1,100,20,20,0,0,0,20,100,16,35,52,38,38,871,890,2546,0.11,40.1,20,NA
id_42,ENSG00000158828,ENSG00000158828,NA,I4,100,20,20,0,0,0,20,100,15,34,52,38,38,122,103,967,0.11,40.1,20,NA
id_42,ENSG00000117242,ENSG00000117242,NA,I1,100,20,20,0,0,0,20,100,15,34,52,38,38,871,890,2546,0.11,40.1,20,NA
id_43,ENSG00000117242,ENSG00000117242,NA,I1,100,20,20,0,0,0,20,100,14,33,52,38,38,871,890,2546,0.11,40.1,20,NA
id_43,ENSG00000158828,ENSG00000158828,NA,I4,100,20,20,0,0,0,20,100,14,33,52,38,38,122,103,967,0.11,40.1,20,NA
id_44,ENSG00000117242,ENSG00000117242,NA,I1,100,20,20,0,0,0,20,100,13,32,52,38,38,871,890,2546,0.11,40.1,20,NA
id_44,ENSG00000158828,ENSG00000158828,NA,I4,100,20,20,0,0,0,20,100,13,32,52,38,38,122,103,967,0.11,40.1,20,NA
id_45,ENSG00000117242,ENSG00000117242,NA,I1,100,20,20,0,0,0,20,100,12,31,52,38,38,871,890,2546,0.11,40.1,20,NA
id_45,ENSG00000158828,ENSG00000158828,NA,I4,100,20,20,0,0,0,20,100,12,31,52,38,38,122,103,967,0.11,40.1,20,NA
id_46,ENSG00000117242,ENSG00000117242,NA,I1,100,20,20,0,0,0,20,100,11,30,52,38,38,871,890,2546,0.11,40.1,20,NA
id_46,ENSG00000158828,ENSG00000158828,NA,I4,100,20,20,0,0,0,20,100,11,30,52,38,38,122,103,967,0.11,40.1,20,NA
id_47,ENSG00000117242,ENSG00000117242,NA,I1,100,20,20,0,0,0,20,100,10,29,52,38,38,871,890,2546,0.11,40.1,20,NA
id_47,ENSG00000158828,ENSG00000158828,NA,I4,100,20,20,0,0,0,20,100,10,29,52,38,38,122,103,967,0.11,40.1,20,NA
id_48,ENSG00000158828,ENSG00000158828,NA,I4,100,20,20,0,0,0,20,100,9,28,52,38,38,122,103,967,0.11,40.1,20,NA
id_48,ENSG00000117242,ENSG00000117242,NA,I1,100,20,20,0,0,0,20,100,9,28,52,38,38,871,890,2546,0.11,40.1,20,NA
id_49,ENSG00000158828,ENSG00000158828,NA,I4,100,20,20,0,0,0,20,100,8,27,52,38,38,122,103,967,0.11,40.1,20,NA
id_49,ENSG00000117242,ENSG00000117242,NA,I1,100,20,20,0,0,0,20,100,8,27,52,38,38,871,890,2546,0.11,40.1,20,NA
id_50,ENSG00000117242,ENSG00000117242,NA,I1,100,20,20,0,0,0,20,100,7,26,52,38,38,871,890,2546,0.11,40.1,20,NA
id_50,ENSG00000158828,ENSG00000158828,NA,I4,100,20,20,0,0,0,20,100,7,26,52,38,38,122,103,967,0.11,40.1,20,NA
id_51,ENSG00000158828,ENSG00000158828,NA,I4,100,20,20,0,0,0,20,100,6,25,52,38,38,122,103,967,0.11,40.1,20,NA
id_51,ENSG00000117242,ENSG00000117242,NA,I1,100,20,20,0,0,0,20,100,6,25,52,38,38,871,890,2546,0.11,40.1,20,NA
id_52,ENSG00000158828,ENSG00000158828,NA,I4,100,20,20,0,0,0,20,100,5,24,52,38,38,122,103,967,0.11,40.1,20,NA
id_52,ENSG00000117242,ENSG00000117242,NA,I1,100,20,20,0,0,0,20,100,5,24,52,38,38,871,890,2546,0.11,40.1,20,NA
id_53,ENSG00000158828,ENSG00000158828,NA,I4,100,20,20,0,0,0,20,100,4,23,52,38,38,122,103,967,0.11,40.1,20,NA
id_53,ENSG00000117242,ENSG00000117242,NA,I1,100,20,20,0,0,0,20,100,4,23,52,38,38,871,890,2546,0.11,40.1,20,NA
id_54,ENSG00000158828,ENSG00000158828,NA,I4,100,20,20,0,0,0,20,100,3,22,52,38,38,122,103,967,0.11,40.1,20,NA
id_54,ENSG00000117242,ENSG00000117242,NA,I1,100,20,20,0,0,0,20,100,3,22,52,38,38,871,890,2546,0.11,40.1,20,NA
id_55,ENSG00000158828,ENSG00000158828,NA,I4,100,20,20,0,0,0,20,100,2,21,52,38,38,122,103,967,0.11,40.1,20,NA
id_55,ENSG00000117242,ENSG00000117242,NA,I1,100,20,20,0,0,0,20,100,2,21,52,38,38,871,890,2546,0.11,40.1,20,NA
id_158,ENSG00000260062,ENSG00000260062,NA,I12,100,19,19,0,0,0,19,100,1,19,52,37,37,1520,1502,1581,0.44,38.2,19,NA
id_158,ENSG00000260062,ENSG00000260062,NA,I6,100,19,19,0,0,0,19,100,1,19,52,37,37,1167,1149,2044,0.44,38.2,19,NA
id_158,ENST00000622941,ENSG00000260062,GOLGA2P11,NA,100,19,19,0,0,0,19,100,1,19,52,37,37,749,731,3464,0.44,38.2,19,transcribed_unprocessed_pseudogene
id_159,ENSG00000260062,ENSG00000260062,NA,I12,100,18,18,0,0,0,18,100,1,18,52,35,35,1519,1502,1581,1.7,36.2,18,NA
id_159,ENSG00000260062,ENSG00000260062,NA,I6,100,18,18,0,0,0,18,100,1,18,52,35,35,1166,1149,2044,1.7,36.2,18,NA
id_159,ENSG00000147324,ENSG00000147324,NA,I6,100,18,18,0,0,0,18,100,35,52,52,35,35,61275,61292,92649,1.7,36.2,18,NA
id_159,ENSG00000147324,ENSG00000147324,NA,I5,100,18,18,0,0,0,18,100,35,52,52,35,35,31204,31221,62578,1.7,36.2,18,NA
id_159,ENST00000622941,ENSG00000260062,GOLGA2P11,NA,100,18,18,0,0,0,18,100,1,18,52,35,35,748,731,3464,1.7,36.2,18,transcribed_unprocessed_pseudogene
id_160,ENSG00000147324,ENSG00000147324,NA,I6,100,18,18,0,0,0,18,100,34,51,52,35,35,61275,61292,92649,1.7,36.2,18,NA
id_160,ENSG00000147324,ENSG00000147324,NA,I5,100,18,18,0,0,0,18,100,34,51,52,35,35,31204,31221,62578,1.7,36.2,18,NA
id_161,ENSG00000147324,ENSG00000147324,NA,I6,100,18,18,0,0,0,18,100,33,50,52,35,35,61275,61292,92649,1.7,36.2,18,NA
id_161,ENSG00000147324,ENSG00000147324,NA,I5,100,18,18,0,0,0,18,100,33,50,52,35,35,31204,31221,62578,1.7,36.2,18,NA
id_162,ENSG00000147324,ENSG00000147324,NA,I6,100,18,18,0,0,0,18,100,32,49,52,35,35,61275,61292,92649,1.7,36.2,18,NA
id_162,ENSG00000147324,ENSG00000147324,NA,I5,100,18,18,0,0,0,18,100,32,49,52,35,35,31204,31221,62578,1.7,36.2,18,NA
id_163,ENSG00000147324,ENSG00000147324,NA,I6,100,18,18,0,0,0,18,100,31,48,52,35,35,61275,61292,92649,1.7,36.2,18,NA
id_163,ENSG00000147324,ENSG00000147324,NA,I5,100,18,18,0,0,0,18,100,31,48,52,35,35,31204,31221,62578,1.7,36.2,18,NA
id_164,ENSG00000147324,ENSG00000147324,NA,I6,100,18,18,0,0,0,18,100,30,47,52,35,35,61275,61292,92649,1.7,36.2,18,NA
id_164,ENSG00000147324,ENSG00000147324,NA,I5,100,18,18,0,0,0,18,100,30,47,52,35,35,31204,31221,62578,1.7,36.2,18,NA
id_165,ENSG00000147324,ENSG00000147324,NA,I6,100,18,18,0,0,0,18,100,29,46,52,35,35,61275,61292,92649,1.7,36.2,18,NA
id_165,ENSG00000147324,ENSG00000147324,NA,I5,100,18,18,0,0,0,18,100,29,46,52,35,35,31204,31221,62578,1.7,36.2,18,NA
id_166,ENSG00000147324,ENSG00000147324,NA,I6,100,18,18,0,0,0,18,100,28,45,52,35,35,61275,61292,92649,1.7,36.2,18,NA
id_166,ENSG00000147324,ENSG00000147324,NA,I5,100,18,18,0,0,0,18,100,28,45,52,35,35,31204,31221,62578,1.7,36.2,18,NA
id_167,ENSG00000147324,ENSG00000147324,NA,I6,100,18,18,0,0,0,18,100,27,44,52,35,35,61275,61292,92649,1.7,36.2,18,NA
id_167,ENSG00000147324,ENSG00000147324,NA,I5,100,18,18,0,0,0,18,100,27,44,52,35,35,31204,31221,62578,1.7,36.2,18,NA
id_168,ENSG00000147324,ENSG00000147324,NA,I6,100,18,18,0,0,0,18,100,26,43,52,35,35,61275,61292,92649,1.7,36.2,18,NA
id_168,ENSG00000147324,ENSG00000147324,NA,I5,100,18,18,0,0,0,18,100,26,43,52,35,35,31204,31221,62578,1.7,36.2,18,NA
id_169,ENSG00000147324,ENSG00000147324,NA,I6,100,18,18,0,0,0,18,100,25,42,52,35,35,61275,61292,92649,1.7,36.2,18,NA
id_169,ENSG00000147324,ENSG00000147324,NA,I5,100,18,18,0,0,0,18,100,25,42,52,35,35,31204,31221,62578,1.7,36.2,18,NA
id_170,ENSG00000147324,ENSG00000147324,NA,I6,100,18,18,0,0,0,18,100,24,41,52,35,35,61275,61292,92649,1.7,36.2,18,NA
id_170,ENSG00000147324,ENSG00000147324,NA,I5,100,18,18,0,0,0,18,100,24,41,52,35,35,31204,31221,62578,1.7,36.2,18,NA
id_171,ENSG00000147324,ENSG00000147324,NA,I6,100,18,18,0,0,0,18,100,23,40,52,35,35,61275,61292,92649,1.7,36.2,18,NA
id_171,ENSG00000147324,ENSG00000147324,NA,I5,100,18,18,0,0,0,18,100,23,40,52,35,35,31204,31221,62578,1.7,36.2,18,NA
id_172,ENSG00000147324,ENSG00000147324,NA,I6,100,18,18,0,0,0,18,100,22,39,52,35,35,61275,61292,92649,1.7,36.2,18,NA
id_172,ENSG00000147324,ENSG00000147324,NA,I5,100,18,18,0,0,0,18,100,22,39,52,35,35,31204,31221,62578,1.7,36.2,18,NA
id_173,ENSG00000147324,ENSG00000147324,NA,I6,100,18,18,0,0,0,18,100,21,38,52,35,35,61275,61292,92649,1.7,36.2,18,NA
id_173,ENSG00000147324,ENSG00000147324,NA,I5,100,18,18,0,0,0,18,100,21,38,52,35,35,31204,31221,62578,1.7,36.2,18,NA
id_174,ENSG00000147324,ENSG00000147324,NA,I6,100,18,18,0,0,0,18,100,20,37,52,35,35,61275,61292,92649,1.7,36.2,18,NA
id_174,ENSG00000147324,ENSG00000147324,NA,I5,100,18,18,0,0,0,18,100,20,37,52,35,35,31204,31221,62578,1.7,36.2,18,NA
id_175,ENSG00000147324,ENSG00000147324,NA,I6,100,18,18,0,0,0,18,100,19,36,52,35,35,61275,61292,92649,1.7,36.2,18,NA
id_175,ENSG00000147324,ENSG00000147324,NA,I5,100,18,18,0,0,0,18,100,19,36,52,35,35,31204,31221,62578,1.7,36.2,18,NA
id_176,ENSG00000147324,ENSG00000147324,NA,I6,100,18,18,0,0,0,18,100,18,35,52,35,35,61275,61292,92649,1.7,36.2,18,NA
id_176,ENSG00000147324,ENSG00000147324,NA,I5,100,18,18,0,0,0,18,100,18,35,52,35,35,31204,31221,62578,1.7,36.2,18,NA
id_177,ENSG00000147324,ENSG00000147324,NA,I6,100,18,18,0,0,0,18,100,17,34,52,35,35,61275,61292,92649,1.7,36.2,18,NA
id_177,ENSG00000147324,ENSG00000147324,NA,I5,100,18,18,0,0,0,18,100,17,34,52,35,35,31204,31221,62578,1.7,36.2,18,NA
id_178,ENSG00000147324,ENSG00000147324,NA,I6,100,18,18,0,0,0,18,100,16,33,52,35,35,61275,61292,92649,1.7,36.2,18,NA
id_178,ENSG00000147324,ENSG00000147324,NA,I5,100,18,18,0,0,0,18,100,16,33,52,35,35,31204,31221,62578,1.7,36.2,18,NA
id_179,ENSG00000147324,ENSG00000147324,NA,I6,100,18,18,0,0,0,18,100,15,32,52,35,35,61275,61292,92649,1.7,36.2,18,NA
id_179,ENSG00000147324,ENSG00000147324,NA,I5,100,18,18,0,0,0,18,100,15,32,52,35,35,31204,31221,62578,1.7,36.2,18,NA
id_180,ENSG00000147324,ENSG00000147324,NA,I6,100,18,18,0,0,0,18,100,14,31,52,35,35,61275,61292,92649,1.7,36.2,18,NA
id_180,ENSG00000147324,ENSG00000147324,NA,I5,100,18,18,0,0,0,18,100,14,31,52,35,35,31204,31221,62578,1.7,36.2,18,NA
id_181,ENSG00000147324,ENSG00000147324,NA,I6,100,18,18,0,0,0,18,100,13,30,52,35,35,61275,61292,92649,1.7,36.2,18,NA
id_181,ENSG00000147324,ENSG00000147324,NA,I5,100,18,18,0,0,0,18,100,13,30,52,35,35,31204,31221,62578,1.7,36.2,18,NA
id_182,ENSG00000147324,ENSG00000147324,NA,I6,100,18,18,0,0,0,18,100,12,29,52,35,35,61275,61292,92649,1.7,36.2,18,NA
id_182,ENSG00000147324,ENSG00000147324,NA,I5,100,18,18,0,0,0,18,100,12,29,52,35,35,31204,31221,62578,1.7,36.2,18,NA
id_183,ENSG00000147324,ENSG00000147324,NA,I6,100,18,18,0,0,0,18,100,11,28,52,35,35,61275,61292,92649,1.7,36.2,18,NA
id_183,ENSG00000147324,ENSG00000147324,NA,I5,100,18,18,0,0,0,18,100,11,28,52,35,35,31204,31221,62578,1.7,36.2,18,NA
id_184,ENSG00000147324,ENSG00000147324,NA,I6,100,18,18,0,0,0,18,100,10,27,52,35,35,61275,61292,92649,1.7,36.2,18,NA
id_184,ENSG00000147324,ENSG00000147324,NA,I5,100,18,18,0,0,0,18,100,10,27,52,35,35,31204,31221,62578,1.7,36.2,18,NA
id_185,ENSG00000147324,ENSG00000147324,NA,I6,100,18,18,0,0,0,18,100,9,26,52,35,35,61275,61292,92649,1.7,36.2,18,NA
id_185,ENSG00000147324,ENSG00000147324,NA,I5,100,18,18,0,0,0,18,100,9,26,52,35,35,31204,31221,62578,1.7,36.2,18,NA
id_186,ENSG00000147324,ENSG00000147324,NA,I6,100,18,18,0,0,0,18,100,8,25,52,35,35,61275,61292,92649,1.7,36.2,18,NA
id_186,ENSG00000147324,ENSG00000147324,NA,I5,100,18,18,0,0,0,18,100,8,25,52,35,35,31204,31221,62578,1.7,36.2,18,NA
id_187,ENSG00000147324,ENSG00000147324,NA,I6,100,18,18,0,0,0,18,100,7,24,52,35,35,61275,61292,92649,1.7,36.2,18,NA
id_187,ENSG00000147324,ENSG00000147324,NA,I5,100,18,18,0,0,0,18,100,7,24,52,35,35,31204,31221,62578,1.7,36.2,18,NA
id_188,ENSG00000147324,ENSG00000147324,NA,I6,100,18,18,0,0,0,18,100,6,23,52,35,35,61275,61292,92649,1.7,36.2,18,NA
id_188,ENSG00000147324,ENSG00000147324,NA,I5,100,18,18,0,0,0,18,100,6,23,52,35,35,31204,31221,62578,1.7,36.2,18,NA
id_189,ENSG00000147324,ENSG00000147324,NA,I6,100,18,18,0,0,0,18,100,5,22,52,35,35,61275,61292,92649,1.7,36.2,18,NA
id_189,ENSG00000147324,ENSG00000147324,NA,I5,100,18,18,0,0,0,18,100,5,22,52,35,35,31204,31221,62578,1.7,36.2,18,NA
id_190,ENSG00000147324,ENSG00000147324,NA,I6,100,18,18,0,0,0,18,100,4,21,52,35,35,61275,61292,92649,1.7,36.2,18,NA
id_190,ENSG00000147324,ENSG00000147324,NA,I5,100,18,18,0,0,0,18,100,4,21,52,35,35,31204,31221,62578,1.7,36.2,18,NA
id_191,ENSG00000147324,ENSG00000147324,NA,I6,100,18,18,0,0,0,18,100,3,20,52,35,35,61275,61292,92649,1.7,36.2,18,NA
id_191,ENSG00000147324,ENSG00000147324,NA,I5,100,18,18,0,0,0,18,100,3,20,52,35,35,31204,31221,62578,1.7,36.2,18,NA
id_192,ENSG00000147324,ENSG00000147324,NA,I6,100,18,18,0,0,0,18,100,2,19,52,35,35,61275,61292,92649,1.7,36.2,18,NA
id_192,ENSG00000147324,ENSG00000147324,NA,I5,100,18,18,0,0,0,18,100,2,19,52,35,35,31204,31221,62578,1.7,36.2,18,NA
id_193,ENSG00000147324,ENSG00000147324,NA,I6,100,18,18,0,0,0,18,100,1,18,52,35,35,61275,61292,92649,1.7,36.2,18,NA
id_193,ENSG00000147324,ENSG00000147324,NA,I5,100,18,18,0,0,0,18,100,1,18,52,35,35,31204,31221,62578,1.7,36.2,18,NA
id_226,ENSG00000164035,ENSG00000164035,NA,I23,95.455,21,22,1,0,0,21,95.45,31,52,52,42,42,224201,224180,232081,1.7,36.2,18,NA
id_227,ENSG00000164035,ENSG00000164035,NA,I23,95.652,22,23,1,0,0,22,95.65,30,52,52,44,44,224201,224179,232081,0.44,38.2,19,NA
id_228,ENSG00000164035,ENSG00000164035,NA,I23,95.833,23,24,1,0,0,23,95.83,29,52,52,46,46,224201,224178,232081,0.11,40.1,20,NA
id_228,ENSG00000185658,ENSG00000185658,NA,I32,100,18,18,0,0,0,18,100,35,52,52,35,35,1033,1050,5867,1.7,36.2,18,NA
id_229,ENSG00000164035,ENSG00000164035,NA,I23,95.833,23,24,1,0,0,23,95.83,28,51,52,46,46,224201,224178,232081,0.11,40.1,20,NA
id_229,ENSG00000185658,ENSG00000185658,NA,I32,100,18,18,0,0,0,18,100,34,51,52,35,35,1033,1050,5867,1.7,36.2,18,NA
id_230,ENSG00000164035,ENSG00000164035,NA,I23,95.833,23,24,1,0,0,23,95.83,27,50,52,46,46,224201,224178,232081,0.11,40.1,20,NA
id_230,ENSG00000185658,ENSG00000185658,NA,I32,100,18,18,0,0,0,18,100,33,50,52,35,35,1033,1050,5867,1.7,36.2,18,NA
id_231,ENSG00000164035,ENSG00000164035,NA,I23,95.833,23,24,1,0,0,23,95.83,26,49,52,46,46,224201,224178,232081,0.11,40.1,20,NA
id_231,ENSG00000185658,ENSG00000185658,NA,I32,100,18,18,0,0,0,18,100,32,49,52,35,35,1033,1050,5867,1.7,36.2,18,NA
id_232,ENSG00000164035,ENSG00000164035,NA,I23,95.833,23,24,1,0,0,23,95.83,25,48,52,46,46,224201,224178,232081,0.11,40.1,20,NA
id_232,ENSG00000185658,ENSG00000185658,NA,I32,100,18,18,0,0,0,18,100,31,48,52,35,35,1033,1050,5867,1.7,36.2,18,NA
id_241,ENSG00000164035,ENSG00000164035,NA,I23,95.833,23,24,1,0,0,23,95.83,16,39,52,46,46,224201,224178,232081,0.11,40.1,20,NA
id_241,ENSG00000185658,ENSG00000185658,NA,I32,100,18,18,0,0,0,18,100,22,39,52,35,35,1033,1050,5867,1.7,36.2,18,NA
id_241,ENSG00000141738,ENSG00000141738,NA,I5,95.455,21,22,1,0,0,21,95.45,28,49,52,42,42,1985,2006,2150,1.7,36.2,18,NA
id_241,ENSG00000141738,ENSG00000141738,NA,I4,95.455,21,22,1,0,0,21,95.45,28,49,52,42,42,3242,3263,3407,1.7,36.2,18,NA
id_241,ENSG00000141738,ENSG00000141738,NA,I3,95.455,21,22,1,0,0,21,95.45,28,49,52,42,42,3774,3795,3939,1.7,36.2,18,NA
id_241,ENSG00000141738,ENSG00000141738,NA,I2,95.455,21,22,1,0,0,21,95.45,28,49,52,42,42,4033,4054,4198,1.7,36.2,18,NA
id_242,ENSG00000164035,ENSG00000164035,NA,I23,95.833,23,24,1,0,0,23,95.83,15,38,52,46,46,224201,224178,232081,0.11,40.1,20,NA
id_242,ENSG00000185658,ENSG00000185658,NA,I32,100,18,18,0,0,0,18,100,21,38,52,35,35,1033,1050,5867,1.7,36.2,18,NA
id_242,ENSG00000141738,ENSG00000141738,NA,I5,95.455,21,22,1,0,0,21,95.45,27,48,52,42,42,1985,2006,2150,1.7,36.2,18,NA
id_242,ENSG00000141738,ENSG00000141738,NA,I4,95.455,21,22,1,0,0,21,95.45,27,48,52,42,42,3242,3263,3407,1.7,36.2,18,NA
id_242,ENSG00000141738,ENSG00000141738,NA,I3,95.455,21,22,1,0,0,21,95.45,27,48,52,42,42,3774,3795,3939,1.7,36.2,18,NA
id_242,ENSG00000141738,ENSG00000141738,NA,I2,95.455,21,22,1,0,0,21,95.45,27,48,52,42,42,4033,4054,4198,1.7,36.2,18,NA
id_243,ENSG00000164035,ENSG00000164035,NA,I23,95.833,23,24,1,0,0,23,95.83,14,37,52,46,46,224201,224178,232081,0.11,40.1,20,NA
id_243,ENSG00000185658,ENSG00000185658,NA,I32,100,18,18,0,0,0,18,100,20,37,52,35,35,1033,1050,5867,1.7,36.2,18,NA
id_243,ENSG00000141738,ENSG00000141738,NA,I5,95.455,21,22,1,0,0,21,95.45,26,47,52,42,42,1985,2006,2150,1.7,36.2,18,NA
id_243,ENSG00000141738,ENSG00000141738,NA,I4,95.455,21,22,1,0,0,21,95.45,26,47,52,42,42,3242,3263,3407,1.7,36.2,18,NA
id_243,ENSG00000141738,ENSG00000141738,NA,I3,95.455,21,22,1,0,0,21,95.45,26,47,52,42,42,3774,3795,3939,1.7,36.2,18,NA
id_243,ENSG00000141738,ENSG00000141738,NA,I2,95.455,21,22,1,0,0,21,95.45,26,47,52,42,42,4033,4054,4198,1.7,36.2,18,NA
id_255,ENSG00000164035,ENSG00000164035,NA,I23,95.833,23,24,1,0,0,23,95.83,2,25,52,46,46,224201,224178,232081,0.11,40.1,20,NA
id_255,ENSG00000185658,ENSG00000185658,NA,I32,100,18,18,0,0,0,18,100,8,25,52,35,35,1033,1050,5867,1.7,36.2,18,NA
id_255,ENSG00000141738,ENSG00000141738,NA,I5,95.455,21,22,1,0,0,21,95.45,14,35,52,42,42,1985,2006,2150,1.7,36.2,18,NA
id_255,ENSG00000141738,ENSG00000141738,NA,I4,95.455,21,22,1,0,0,21,95.45,14,35,52,42,42,3242,3263,3407,1.7,36.2,18,NA
id_255,ENSG00000141738,ENSG00000141738,NA,I3,95.455,21,22,1,0,0,21,95.45,14,35,52,42,42,3774,3795,3939,1.7,36.2,18,NA
id_255,ENSG00000141738,ENSG00000141738,NA,I2,95.455,21,22,1,0,0,21,95.45,14,35,52,42,42,4033,4054,4198,1.7,36.2,18,NA
id_256,ENSG00000164035,ENSG00000164035,NA,I23,95.833,23,24,1,0,0,23,95.83,1,24,52,46,46,224201,224178,232081,0.11,40.1,20,NA
id_256,ENSG00000185658,ENSG00000185658,NA,I32,100,18,18,0,0,0,18,100,7,24,52,35,35,1033,1050,5867,1.7,36.2,18,NA
id_256,ENSG00000141738,ENSG00000141738,NA,I5,95.455,21,22,1,0,0,21,95.45,13,34,52,42,42,1985,2006,2150,1.7,36.2,18,NA
id_256,ENSG00000141738,ENSG00000141738,NA,I4,95.455,21,22,1,0,0,21,95.45,13,34,52,42,42,3242,3263,3407,1.7,36.2,18,NA
id_256,ENSG00000141738,ENSG00000141738,NA,I3,95.455,21,22,1,0,0,21,95.45,13,34,52,42,42,3774,3795,3939,1.7,36.2,18,NA
id_256,ENSG00000141738,ENSG00000141738,NA,I2,95.455,21,22,1,0,0,21,95.45,13,34,52,42,42,4033,4054,4198,1.7,36.2,18,NA
id_257,ENSG00000164035,ENSG00000164035,NA,I23,100,19,19,0,0,0,19,100,5,23,52,37,37,224196,224178,232081,0.44,38.2,19,NA
id_257,ENSG00000185658,ENSG00000185658,NA,I32,100,18,18,0,0,0,18,100,6,23,52,35,35,1033,1050,5867,1.7,36.2,18,NA
id_257,ENSG00000141738,ENSG00000141738,NA,I5,95.455,21,22,1,0,0,21,95.45,12,33,52,42,42,1985,2006,2150,1.7,36.2,18,NA
id_257,ENSG00000141738,ENSG00000141738,NA,I4,95.455,21,22,1,0,0,21,95.45,12,33,52,42,42,3242,3263,3407,1.7,36.2,18,NA
id_257,ENSG00000141738,ENSG00000141738,NA,I3,95.455,21,22,1,0,0,21,95.45,12,33,52,42,42,3774,3795,3939,1.7,36.2,18,NA
id_257,ENSG00000141738,ENSG00000141738,NA,I2,95.455,21,22,1,0,0,21,95.45,12,33,52,42,42,4033,4054,4198,1.7,36.2,18,NA
id_258,ENSG00000164035,ENSG00000164035,NA,I23,100,19,19,0,0,0,19,100,4,22,52,37,37,224196,224178,232081,0.44,38.2,19,NA
id_258,ENSG00000185658,ENSG00000185658,NA,I32,100,18,18,0,0,0,18,100,5,22,52,35,35,1033,1050,5867,1.7,36.2,18,NA
id_258,ENSG00000141738,ENSG00000141738,NA,I5,95.455,21,22,1,0,0,21,95.45,11,32,52,42,42,1985,2006,2150,1.7,36.2,18,NA
id_258,ENSG00000141738,ENSG00000141738,NA,I4,95.455,21,22,1,0,0,21,95.45,11,32,52,42,42,3242,3263,3407,1.7,36.2,18,NA
id_258,ENSG00000141738,ENSG00000141738,NA,I3,95.455,21,22,1,0,0,21,95.45,11,32,52,42,42,3774,3795,3939,1.7,36.2,18,NA
id_258,ENSG00000141738,ENSG00000141738,NA,I2,95.455,21,22,1,0,0,21,95.45,11,32,52,42,42,4033,4054,4198,1.7,36.2,18,NA
id_259,ENSG00000164035,ENSG00000164035,NA,I23,100,19,19,0,0,0,19,100,3,21,52,37,37,224196,224178,232081,0.44,38.2,19,NA
id_259,ENSG00000185658,ENSG00000185658,NA,I32,100,18,18,0,0,0,18,100,4,21,52,35,35,1033,1050,5867,1.7,36.2,18,NA
id_259,ENSG00000141738,ENSG00000141738,NA,I5,95.455,21,22,1,0,0,21,95.45,10,31,52,42,42,1985,2006,2150,1.7,36.2,18,NA
id_259,ENSG00000141738,ENSG00000141738,NA,I4,95.455,21,22,1,0,0,21,95.45,10,31,52,42,42,3242,3263,3407,1.7,36.2,18,NA
id_259,ENSG00000141738,ENSG00000141738,NA,I3,95.455,21,22,1,0,0,21,95.45,10,31,52,42,42,3774,3795,3939,1.7,36.2,18,NA
id_259,ENSG00000141738,ENSG00000141738,NA,I2,95.455,21,22,1,0,0,21,95.45,10,31,52,42,42,4033,4054,4198,1.7,36.2,18,NA
id_260,ENSG00000164035,ENSG00000164035,NA,I23,100,19,19,0,0,0,19,100,2,20,52,37,37,224196,224178,232081,0.44,38.2,19,NA
id_260,ENSG00000185658,ENSG00000185658,NA,I32,100,18,18,0,0,0,18,100,3,20,52,35,35,1033,1050,5867,1.7,36.2,18,NA
id_260,ENSG00000141738,ENSG00000141738,NA,I5,95.455,21,22,1,0,0,21,95.45,9,30,52,42,42,1985,2006,2150,1.7,36.2,18,NA
id_260,ENSG00000141738,ENSG00000141738,NA,I4,95.455,21,22,1,0,0,21,95.45,9,30,52,42,42,3242,3263,3407,1.7,36.2,18,NA
id_260,ENSG00000141738,ENSG00000141738,NA,I3,95.455,21,22,1,0,0,21,95.45,9,30,52,42,42,3774,3795,3939,1.7,36.2,18,NA
id_260,ENSG00000141738,ENSG00000141738,NA,I2,95.455,21,22,1,0,0,21,95.45,9,30,52,42,42,4033,4054,4198,1.7,36.2,18,NA
id_261,ENSG00000164035,ENSG00000164035,NA,I23,100,19,19,0,0,0,19,100,1,19,52,37,37,224196,224178,232081,0.44,38.2,19,NA
id_261,ENSG00000185658,ENSG00000185658,NA,I32,100,18,18,0,0,0,18,100,2,19,52,35,35,1033,1050,5867,1.7,36.2,18,NA
id_261,ENSG00000141738,ENSG00000141738,NA,I5,95.455,21,22,1,0,0,21,95.45,8,29,52,42,42,1985,2006,2150,1.7,36.2,18,NA
id_261,ENSG00000141738,ENSG00000141738,NA,I4,95.455,21,22,1,0,0,21,95.45,8,29,52,42,42,3242,3263,3407,1.7,36.2,18,NA
id_261,ENSG00000141738,ENSG00000141738,NA,I3,95.455,21,22,1,0,0,21,95.45,8,29,52,42,42,3774,3795,3939,1.7,36.2,18,NA
id_261,ENSG00000141738,ENSG00000141738,NA,I2,95.455,21,22,1,0,0,21,95.45,8,29,52,42,42,4033,4054,4198,1.7,36.2,18,NA
id_262,ENSG00000185658,ENSG00000185658,NA,I32,100,18,18,0,0,0,18,100,1,18,52,35,35,1033,1050,5867,1.7,36.2,18,NA
id_262,ENSG00000141738,ENSG00000141738,NA,I5,95.455,21,22,1,0,0,21,95.45,7,28,52,42,42,1985,2006,2150,1.7,36.2,18,NA
id_262,ENSG00000141738,ENSG00000141738,NA,I4,95.455,21,22,1,0,0,21,95.45,7,28,52,42,42,3242,3263,3407,1.7,36.2,18,NA
id_262,ENSG00000141738,ENSG00000141738,NA,I3,95.455,21,22,1,0,0,21,95.45,7,28,52,42,42,3774,3795,3939,1.7,36.2,18,NA
id_262,ENSG00000141738,ENSG00000141738,NA,I2,95.455,21,22,1,0,0,21,95.45,7,28,52,42,42,4033,4054,4198,1.7,36.2,18,NA
id_262,ENSG00000164035,ENSG00000164035,NA,I23,100,18,18,0,0,0,18,100,1,18,52,35,35,224195,224178,232081,1.7,36.2,18,NA
id_263,ENSG00000141738,ENSG00000141738,NA,I5,95.455,21,22,1,0,0,21,95.45,6,27,52,42,42,1985,2006,2150,1.7,36.2,18,NA
id_263,ENSG00000141738,ENSG00000141738,NA,I4,95.455,21,22,1,0,0,21,95.45,6,27,52,42,42,3242,3263,3407,1.7,36.2,18,NA
id_263,ENSG00000141738,ENSG00000141738,NA,I3,95.455,21,22,1,0,0,21,95.45,6,27,52,42,42,3774,3795,3939,1.7,36.2,18,NA
id_263,ENSG00000141738,ENSG00000141738,NA,I2,95.455,21,22,1,0,0,21,95.45,6,27,52,42,42,4033,4054,4198,1.7,36.2,18,NA
id_264,ENSG00000141738,ENSG00000141738,NA,I5,95.455,21,22,1,0,0,21,95.45,5,26,52,42,42,1985,2006,2150,1.7,36.2,18,NA
id_264,ENSG00000141738,ENSG00000141738,NA,I4,95.455,21,22,1,0,0,21,95.45,5,26,52,42,42,3242,3263,3407,1.7,36.2,18,NA
id_264,ENSG00000141738,ENSG00000141738,NA,I3,95.455,21,22,1,0,0,21,95.45,5,26,52,42,42,3774,3795,3939,1.7,36.2,18,NA
id_264,ENSG00000141738,ENSG00000141738,NA,I2,95.455,21,22,1,0,0,21,95.45,5,26,52,42,42,4033,4054,4198,1.7,36.2,18,NA
id_265,ENSG00000141738,ENSG00000141738,NA,I5,95.455,21,22,1,0,0,21,95.45,4,25,52,42,42,1985,2006,2150,1.7,36.2,18,NA
id_265,ENSG00000141738,ENSG00000141738,NA,I4,95.455,21,22,1,0,0,21,95.45,4,25,52,42,42,3242,3263,3407,1.7,36.2,18,NA
id_265,ENSG00000141738,ENSG00000141738,NA,I3,95.455,21,22,1,0,0,21,95.45,4,25,52,42,42,3774,3795,3939,1.7,36.2,18,NA
id_265,ENSG00000141738,ENSG00000141738,NA,I2,95.455,21,22,1,0,0,21,95.45,4,25,52,42,42,4033,4054,4198,1.7,36.2,18,NA
id_266,ENSG00000141738,ENSG00000141738,NA,I5,95.455,21,22,1,0,0,21,95.45,3,24,52,42,42,1985,2006,2150,1.7,36.2,18,NA
id_266,ENSG00000141738,ENSG00000141738,NA,I4,95.455,21,22,1,0,0,21,95.45,3,24,52,42,42,3242,3263,3407,1.7,36.2,18,NA
id_266,ENSG00000141738,ENSG00000141738,NA,I3,95.455,21,22,1,0,0,21,95.45,3,24,52,42,42,3774,3795,3939,1.7,36.2,18,NA
id_266,ENSG00000141738,ENSG00000141738,NA,I2,95.455,21,22,1,0,0,21,95.45,3,24,52,42,42,4033,4054,4198,1.7,36.2,18,NA
id_267,ENSG00000141738,ENSG00000141738,NA,I5,95.455,21,22,1,0,0,21,95.45,2,23,52,42,42,1985,2006,2150,1.7,36.2,18,NA
id_267,ENSG00000141738,ENSG00000141738,NA,I4,95.455,21,22,1,0,0,21,95.45,2,23,52,42,42,3242,3263,3407,1.7,36.2,18,NA
id_267,ENSG00000141738,ENSG00000141738,NA,I3,95.455,21,22,1,0,0,21,95.45,2,23,52,42,42,3774,3795,3939,1.7,36.2,18,NA
id_267,ENSG00000141738,ENSG00000141738,NA,I2,95.455,21,22,1,0,0,21,95.45,2,23,52,42,42,4033,4054,4198,1.7,36.2,18,NA
id_268,ENSG00000141738,ENSG00000141738,NA,I5,95.455,21,22,1,0,0,21,95.45,1,22,52,42,42,1985,2006,2150,1.7,36.2,18,NA
id_268,ENSG00000141738,ENSG00000141738,NA,I4,95.455,21,22,1,0,0,21,95.45,1,22,52,42,42,3242,3263,3407,1.7,36.2,18,NA
id_268,ENSG00000141738,ENSG00000141738,NA,I3,95.455,21,22,1,0,0,21,95.45,1,22,52,42,42,3774,3795,3939,1.7,36.2,18,NA
id_268,ENSG00000141738,ENSG00000141738,NA,I2,95.455,21,22,1,0,0,21,95.45,1,22,52,42,42,4033,4054,4198,1.7,36.2,18,NA
id_304,ENSG00000196990,ENSG00000196990,NA,I3,100,18,18,0,0,0,18,100,35,52,52,35,35,12902,12919,28910,1.7,36.2,18,NA
id_305,ENSG00000196990,ENSG00000196990,NA,I3,100,18,18,0,0,0,18,100,34,51,52,35,35,12902,12919,28910,1.7,36.2,18,NA
id_322,ENSG00000179314,ENSG00000179314,NA,I12,95.455,21,22,1,0,0,21,95.45,16,37,52,42,42,2236,2257,2296,1.7,36.2,18,NA
id_322,ENSG00000179314,ENSG00000179314,NA,I9,95.455,21,22,1,0,0,21,95.45,16,37,52,42,42,9255,9276,9315,1.7,36.2,18,NA
id_322,ENSG00000196990,ENSG00000196990,NA,I3,100,18,18,0,0,0,18,100,17,34,52,35,35,12902,12919,28910,1.7,36.2,18,NA
id_322,ENSG00000103043,ENSG00000103043,NA,I10,95.455,21,22,1,0,0,21,95.45,17,38,52,42,42,2206,2185,12875,1.7,36.2,18,NA
id_323,ENSG00000179314,ENSG00000179314,NA,I12,95.455,21,22,1,0,0,21,95.45,15,36,52,42,42,2236,2257,2296,1.7,36.2,18,NA
id_323,ENSG00000179314,ENSG00000179314,NA,I9,95.455,21,22,1,0,0,21,95.45,15,36,52,42,42,9255,9276,9315,1.7,36.2,18,NA
id_323,ENSG00000103043,ENSG00000103043,NA,I10,95.455,21,22,1,0,0,21,95.45,16,37,52,42,42,2206,2185,12875,1.7,36.2,18,NA
id_323,ENSG00000196990,ENSG00000196990,NA,I3,100,18,18,0,0,0,18,100,16,33,52,35,35,12902,12919,28910,1.7,36.2,18,NA
id_324,ENSG00000179314,ENSG00000179314,NA,I12,95.455,21,22,1,0,0,21,95.45,14,35,52,42,42,2236,2257,2296,1.7,36.2,18,NA
id_324,ENSG00000179314,ENSG00000179314,NA,I9,95.455,21,22,1,0,0,21,95.45,14,35,52,42,42,9255,9276,9315,1.7,36.2,18,NA
id_324,ENSG00000196990,ENSG00000196990,NA,I3,100,18,18,0,0,0,18,100,15,32,52,35,35,12902,12919,28910,1.7,36.2,18,NA
id_324,ENSG00000103043,ENSG00000103043,NA,I10,95.455,21,22,1,0,0,21,95.45,15,36,52,42,42,2206,2185,12875,1.7,36.2,18,NA
id_325,ENSG00000179314,ENSG00000179314,NA,I12,95.455,21,22,1,0,0,21,95.45,13,34,52,42,42,2236,2257,2296,1.7,36.2,18,NA
id_325,ENSG00000179314,ENSG00000179314,NA,I9,95.455,21,22,1,0,0,21,95.45,13,34,52,42,42,9255,9276,9315,1.7,36.2,18,NA
id_325,ENSG00000103043,ENSG00000103043,NA,I10,95.455,21,22,1,0,0,21,95.45,14,35,52,42,42,2206,2185,12875,1.7,36.2,18,NA
id_325,ENSG00000196990,ENSG00000196990,NA,I3,100,18,18,0,0,0,18,100,14,31,52,35,35,12902,12919,28910,1.7,36.2,18,NA
id_326,ENSG00000179314,ENSG00000179314,NA,I12,95.455,21,22,1,0,0,21,95.45,12,33,52,42,42,2236,2257,2296,1.7,36.2,18,NA
id_326,ENSG00000179314,ENSG00000179314,NA,I9,95.455,21,22,1,0,0,21,95.45,12,33,52,42,42,9255,9276,9315,1.7,36.2,18,NA
id_326,ENSG00000103043,ENSG00000103043,NA,I10,95.455,21,22,1,0,0,21,95.45,13,34,52,42,42,2206,2185,12875,1.7,36.2,18,NA
id_326,ENSG00000196990,ENSG00000196990,NA,I3,100,18,18,0,0,0,18,100,13,30,52,35,35,12902,12919,28910,1.7,36.2,18,NA
id_327,ENSG00000103043,ENSG00000103043,NA,I10,95.455,21,22,1,0,0,21,95.45,12,33,52,42,42,2206,2185,12875,1.7,36.2,18,NA
id_327,ENSG00000179314,ENSG00000179314,NA,I12,95.455,21,22,1,0,0,21,95.45,11,32,52,42,42,2236,2257,2296,1.7,36.2,18,NA
id_327,ENSG00000179314,ENSG00000179314,NA,I9,95.455,21,22,1,0,0,21,95.45,11,32,52,42,42,9255,9276,9315,1.7,36.2,18,NA
id_327,ENSG00000196990,ENSG00000196990,NA,I3,100,18,18,0,0,0,18,100,12,29,52,35,35,12902,12919,28910,1.7,36.2,18,NA
id_328,ENSG00000103043,ENSG00000103043,NA,I10,95.455,21,22,1,0,0,21,95.45,11,32,52,42,42,2206,2185,12875,1.7,36.2,18,NA
id_328,ENSG00000179314,ENSG00000179314,NA,I12,95.455,21,22,1,0,0,21,95.45,10,31,52,42,42,2236,2257,2296,1.7,36.2,18,NA
id_328,ENSG00000179314,ENSG00000179314,NA,I9,95.455,21,22,1,0,0,21,95.45,10,31,52,42,42,9255,9276,9315,1.7,36.2,18,NA
id_328,ENSG00000196990,ENSG00000196990,NA,I3,100,18,18,0,0,0,18,100,11,28,52,35,35,12902,12919,28910,1.7,36.2,18,NA
id_329,ENSG00000179314,ENSG00000179314,NA,I12,95.455,21,22,1,0,0,21,95.45,9,30,52,42,42,2236,2257,2296,1.7,36.2,18,NA
id_329,ENSG00000179314,ENSG00000179314,NA,I9,95.455,21,22,1,0,0,21,95.45,9,30,52,42,42,9255,9276,9315,1.7,36.2,18,NA
id_329,ENSG00000103043,ENSG00000103043,NA,I10,95.455,21,22,1,0,0,21,95.45,10,31,52,42,42,2206,2185,12875,1.7,36.2,18,NA
id_329,ENSG00000196990,ENSG00000196990,NA,I3,100,18,18,0,0,0,18,100,10,27,52,35,35,12902,12919,28910,1.7,36.2,18,NA
id_330,ENSG00000103043,ENSG00000103043,NA,I10,95.455,21,22,1,0,0,21,95.45,9,30,52,42,42,2206,2185,12875,1.7,36.2,18,NA
id_330,ENSG00000179314,ENSG00000179314,NA,I12,95.455,21,22,1,0,0,21,95.45,8,29,52,42,42,2236,2257,2296,1.7,36.2,18,NA
id_330,ENSG00000179314,ENSG00000179314,NA,I9,95.455,21,22,1,0,0,21,95.45,8,29,52,42,42,9255,9276,9315,1.7,36.2,18,NA
id_330,ENSG00000196990,ENSG00000196990,NA,I3,100,18,18,0,0,0,18,100,9,26,52,35,35,12902,12919,28910,1.7,36.2,18,NA
id_331,ENSG00000103043,ENSG00000103043,NA,I10,95.455,21,22,1,0,0,21,95.45,8,29,52,42,42,2206,2185,12875,1.7,36.2,18,NA
id_331,ENSG00000179314,ENSG00000179314,NA,I12,95.455,21,22,1,0,0,21,95.45,7,28,52,42,42,2236,2257,2296,1.7,36.2,18,NA
id_331,ENSG00000179314,ENSG00000179314,NA,I9,95.455,21,22,1,0,0,21,95.45,7,28,52,42,42,9255,9276,9315,1.7,36.2,18,NA
id_331,ENSG00000196990,ENSG00000196990,NA,I3,100,18,18,0,0,0,18,100,8,25,52,35,35,12902,12919,28910,1.7,36.2,18,NA
id_332,ENSG00000103043,ENSG00000103043,NA,I10,95.455,21,22,1,0,0,21,95.45,7,28,52,42,42,2206,2185,12875,1.7,36.2,18,NA
id_332,ENSG00000179314,ENSG00000179314,NA,I12,95.455,21,22,1,0,0,21,95.45,6,27,52,42,42,2236,2257,2296,1.7,36.2,18,NA
id_332,ENSG00000179314,ENSG00000179314,NA,I9,95.455,21,22,1,0,0,21,95.45,6,27,52,42,42,9255,9276,9315,1.7,36.2,18,NA
id_332,ENSG00000196990,ENSG00000196990,NA,I3,100,18,18,0,0,0,18,100,7,24,52,35,35,12902,12919,28910,1.7,36.2,18,NA
id_333,ENSG00000103043,ENSG00000103043,NA,I10,95.455,21,22,1,0,0,21,95.45,6,27,52,42,42,2206,2185,12875,1.7,36.2,18,NA
id_333,ENSG00000179314,ENSG00000179314,NA,I12,95.455,21,22,1,0,0,21,95.45,5,26,52,42,42,2236,2257,2296,1.7,36.2,18,NA
id_333,ENSG00000179314,ENSG00000179314,NA,I9,95.455,21,22,1,0,0,21,95.45,5,26,52,42,42,9255,9276,9315,1.7,36.2,18,NA
id_333,ENSG00000196990,ENSG00000196990,NA,I3,100,18,18,0,0,0,18,100,6,23,52,35,35,12902,12919,28910,1.7,36.2,18,NA
id_334,ENSG00000103043,ENSG00000103043,NA,I10,95.455,21,22,1,0,0,21,95.45,5,26,52,42,42,2206,2185,12875,1.7,36.2,18,NA
id_334,ENSG00000179314,ENSG00000179314,NA,I12,95.455,21,22,1,0,0,21,95.45,4,25,52,42,42,2236,2257,2296,1.7,36.2,18,NA
id_334,ENSG00000179314,ENSG00000179314,NA,I9,95.455,21,22,1,0,0,21,95.45,4,25,52,42,42,9255,9276,9315,1.7,36.2,18,NA
id_334,ENSG00000196990,ENSG00000196990,NA,I3,100,18,18,0,0,0,18,100,5,22,52,35,35,12902,12919,28910,1.7,36.2,18,NA
id_335,ENSG00000179314,ENSG00000179314,NA,I12,95.455,21,22,1,0,0,21,95.45,3,24,52,42,42,2236,2257,2296,1.7,36.2,18,NA
id_335,ENSG00000179314,ENSG00000179314,NA,I9,95.455,21,22,1,0,0,21,95.45,3,24,52,42,42,9255,9276,9315,1.7,36.2,18,NA
id_335,ENSG00000103043,ENSG00000103043,NA,I10,95.455,21,22,1,0,0,21,95.45,4,25,52,42,42,2206,2185,12875,1.7,36.2,18,NA
id_335,ENSG00000196990,ENSG00000196990,NA,I3,100,18,18,0,0,0,18,100,4,21,52,35,35,12902,12919,28910,1.7,36.2,18,NA
id_336,ENSG00000103043,ENSG00000103043,NA,I10,95.455,21,22,1,0,0,21,95.45,3,24,52,42,42,2206,2185,12875,1.7,36.2,18,NA
id_336,ENSG00000179314,ENSG00000179314,NA,I12,95.455,21,22,1,0,0,21,95.45,2,23,52,42,42,2236,2257,2296,1.7,36.2,18,NA
id_336,ENSG00000179314,ENSG00000179314,NA,I9,95.455,21,22,1,0,0,21,95.45,2,23,52,42,42,9255,9276,9315,1.7,36.2,18,NA
id_336,ENSG00000196990,ENSG00000196990,NA,I3,100,18,18,0,0,0,18,100,3,20,52,35,35,12902,12919,28910,1.7,36.2,18,NA
id_337,ENSG00000103043,ENSG00000103043,NA,I10,95.455,21,22,1,0,0,21,95.45,2,23,52,42,42,2206,2185,12875,1.7,36.2,18,NA
id_337,ENSG00000179314,ENSG00000179314,NA,I12,95.455,21,22,1,0,0,21,95.45,1,22,52,42,42,2236,2257,2296,1.7,36.2,18,NA
id_337,ENSG00000179314,ENSG00000179314,NA,I9,95.455,21,22,1,0,0,21,95.45,1,22,52,42,42,9255,9276,9315,1.7,36.2,18,NA
id_337,ENSG00000196990,ENSG00000196990,NA,I3,100,18,18,0,0,0,18,100,2,19,52,35,35,12902,12919,28910,1.7,36.2,18,NA
id_338,ENSG00000103043,ENSG00000103043,NA,I10,95.455,21,22,1,0,0,21,95.45,1,22,52,42,42,2206,2185,12875,1.7,36.2,18,NA
id_338,ENSG00000196990,ENSG00000196990,NA,I3,100,18,18,0,0,0,18,100,1,18,52,35,35,12902,12919,28910,1.7,36.2,18,NA
id_385,ENSG00000140945,ENSG00000140945,NA,I28,100,18,18,0,0,0,18,100,34,51,52,35,35,114332,114315,115878,1.7,36.2,18,NA
id_386,ENSG00000197372,ENSG00000197372,NA,I4,100,18,18,0,0,0,18,100,35,52,52,35,35,41733,41716,87961,1.7,36.2,18,NA
id_386,ENSG00000197372,ENSG00000197372,NA,I3,100,18,18,0,0,0,18,100,35,52,52,35,35,41733,41716,127876,1.7,36.2,18,NA
id_386,ENSG00000197372,ENSG00000197372,NA,I2,100,18,18,0,0,0,18,100,35,52,52,35,35,41733,41716,134179,1.7,36.2,18,NA
id_386,ENSG00000140945,ENSG00000140945,NA,I28,100,18,18,0,0,0,18,100,33,50,52,35,35,114332,114315,115878,1.7,36.2,18,NA
id_387,ENSG00000197372,ENSG00000197372,NA,I4,100,18,18,0,0,0,18,100,34,51,52,35,35,41733,41716,87961,1.7,36.2,18,NA
id_387,ENSG00000197372,ENSG00000197372,NA,I3,100,18,18,0,0,0,18,100,34,51,52,35,35,41733,41716,127876,1.7,36.2,18,NA
id_387,ENSG00000197372,ENSG00000197372,NA,I2,100,18,18,0,0,0,18,100,34,51,52,35,35,41733,41716,134179,1.7,36.2,18,NA
id_387,ENSG00000140945,ENSG00000140945,NA,I28,100,18,18,0,0,0,18,100,32,49,52,35,35,114332,114315,115878,1.7,36.2,18,NA
id_388,ENSG00000197372,ENSG00000197372,NA,I4,100,18,18,0,0,0,18,100,33,50,52,35,35,41733,41716,87961,1.7,36.2,18,NA
id_388,ENSG00000197372,ENSG00000197372,NA,I3,100,18,18,0,0,0,18,100,33,50,52,35,35,41733,41716,127876,1.7,36.2,18,NA
id_388,ENSG00000197372,ENSG00000197372,NA,I2,100,18,18,0,0,0,18,100,33,50,52,35,35,41733,41716,134179,1.7,36.2,18,NA
id_388,ENSG00000140945,ENSG00000140945,NA,I28,100,18,18,0,0,0,18,100,31,48,52,35,35,114332,114315,115878,1.7,36.2,18,NA
id_389,ENSG00000197372,ENSG00000197372,NA,I4,100,18,18,0,0,0,18,100,32,49,52,35,35,41733,41716,87961,1.7,36.2,18,NA
id_389,ENSG00000197372,ENSG00000197372,NA,I3,100,18,18,0,0,0,18,100,32,49,52,35,35,41733,41716,127876,1.7,36.2,18,NA
id_389,ENSG00000197372,ENSG00000197372,NA,I2,100,18,18,0,0,0,18,100,32,49,52,35,35,41733,41716,134179,1.7,36.2,18,NA
id_389,ENSG00000140945,ENSG00000140945,NA,I28,100,18,18,0,0,0,18,100,30,47,52,35,35,114332,114315,115878,1.7,36.2,18,NA
id_390,ENSG00000197372,ENSG00000197372,NA,I4,100,18,18,0,0,0,18,100,31,48,52,35,35,41733,41716,87961,1.7,36.2,18,NA
id_390,ENSG00000197372,ENSG00000197372,NA,I3,100,18,18,0,0,0,18,100,31,48,52,35,35,41733,41716,127876,1.7,36.2,18,NA
id_390,ENSG00000197372,ENSG00000197372,NA,I2,100,18,18,0,0,0,18,100,31,48,52,35,35,41733,41716,134179,1.7,36.2,18,NA
id_390,ENSG00000140945,ENSG00000140945,NA,I28,100,18,18,0,0,0,18,100,29,46,52,35,35,114332,114315,115878,1.7,36.2,18,NA
id_391,ENSG00000197372,ENSG00000197372,NA,I4,100,18,18,0,0,0,18,100,30,47,52,35,35,41733,41716,87961,1.7,36.2,18,NA
id_391,ENSG00000197372,ENSG00000197372,NA,I3,100,18,18,0,0,0,18,100,30,47,52,35,35,41733,41716,127876,1.7,36.2,18,NA
id_391,ENSG00000197372,ENSG00000197372,NA,I2,100,18,18,0,0,0,18,100,30,47,52,35,35,41733,41716,134179,1.7,36.2,18,NA
id_391,ENSG00000140945,ENSG00000140945,NA,I28,100,18,18,0,0,0,18,100,28,45,52,35,35,114332,114315,115878,1.7,36.2,18,NA
id_391,ENSG00000144583,ENSG00000144583,NA,I3,100,18,18,0,0,0,18,100,35,52,52,35,35,72276,72293,86095,1.7,36.2,18,NA
id_554,ENSG00000243710,ENSG00000243710,NA,I22,100,18,18,0,0,0,18,100,14,31,52,35,35,250,233,1128,1.7,36.2,18,NA
id_554,ENSG00000117395,ENSG00000117395,NA,I18,100,18,18,0,0,0,18,100,14,31,52,35,35,38675,38692,46528,1.7,36.2,18,NA
id_554,ENSG00000117395,ENSG00000117395,NA,I17,100,18,18,0,0,0,18,100,14,31,52,35,35,27052,27069,34905,1.7,36.2,18,NA
id_555,ENSG00000243710,ENSG00000243710,NA,I22,100,18,18,0,0,0,18,100,13,30,52,35,35,250,233,1128,1.7,36.2,18,NA
id_555,ENSG00000117395,ENSG00000117395,NA,I18,100,18,18,0,0,0,18,100,13,30,52,35,35,38675,38692,46528,1.7,36.2,18,NA
id_555,ENSG00000117395,ENSG00000117395,NA,I17,100,18,18,0,0,0,18,100,13,30,52,35,35,27052,27069,34905,1.7,36.2,18,NA
id_556,ENSG00000243710,ENSG00000243710,NA,I22,100,18,18,0,0,0,18,100,12,29,52,35,35,250,233,1128,1.7,36.2,18,NA
id_556,ENSG00000117395,ENSG00000117395,NA,I18,100,18,18,0,0,0,18,100,12,29,52,35,35,38675,38692,46528,1.7,36.2,18,NA
id_556,ENSG00000117395,ENSG00000117395,NA,I17,100,18,18,0,0,0,18,100,12,29,52,35,35,27052,27069,34905,1.7,36.2,18,NA
id_557,ENSG00000243710,ENSG00000243710,NA,I22,100,18,18,0,0,0,18,100,11,28,52,35,35,250,233,1128,1.7,36.2,18,NA
id_557,ENSG00000117395,ENSG00000117395,NA,I18,100,18,18,0,0,0,18,100,11,28,52,35,35,38675,38692,46528,1.7,36.2,18,NA
id_557,ENSG00000117395,ENSG00000117395,NA,I17,100,18,18,0,0,0,18,100,11,28,52,35,35,27052,27069,34905,1.7,36.2,18,NA
id_558,ENSG00000243710,ENSG00000243710,NA,I22,100,18,18,0,0,0,18,100,10,27,52,35,35,250,233,1128,1.7,36.2,18,NA
id_558,ENSG00000117395,ENSG00000117395,NA,I18,100,18,18,0,0,0,18,100,10,27,52,35,35,38675,38692,46528,1.7,36.2,18,NA
id_558,ENSG00000117395,ENSG00000117395,NA,I17,100,18,18,0,0,0,18,100,10,27,52,35,35,27052,27069,34905,1.7,36.2,18,NA
id_559,ENSG00000243710,ENSG00000243710,NA,I22,100,18,18,0,0,0,18,100,9,26,52,35,35,250,233,1128,1.7,36.2,18,NA
id_559,ENSG00000117395,ENSG00000117395,NA,I18,100,18,18,0,0,0,18,100,9,26,52,35,35,38675,38692,46528,1.7,36.2,18,NA
id_559,ENSG00000117395,ENSG00000117395,NA,I17,100,18,18,0,0,0,18,100,9,26,52,35,35,27052,27069,34905,1.7,36.2,18,NA
id_560,ENSG00000242902,ENSG00000242902,NA,I3,90,27,30,3,0,0,27,90,23,52,52,58,58,8993,8964,9207,1.7,36.2,18,NA
id_560,ENSG00000243710,ENSG00000243710,NA,I22,100,18,18,0,0,0,18,100,8,25,52,35,35,250,233,1128,1.7,36.2,18,NA
id_560,ENSG00000117395,ENSG00000117395,NA,I18,100,18,18,0,0,0,18,100,8,25,52,35,35,38675,38692,46528,1.7,36.2,18,NA
id_560,ENSG00000117395,ENSG00000117395,NA,I17,100,18,18,0,0,0,18,100,8,25,52,35,35,27052,27069,34905,1.7,36.2,18,NA
id_560,ENST00000346177,ENSG00000128591,FLNC,NA,90,27,30,3,0,0,27,90,23,52,52,58,58,6425,6454,9042,1.7,36.2,18,protein_coding
id_560,ENST00000325888,ENSG00000128591,FLNC,NA,90,27,30,3,0,0,27,90,23,52,52,58,58,6573,6602,9188,1.7,36.2,18,protein_coding
id_561,ENSG00000242902,ENSG00000242902,NA,I3,90,27,30,3,0,0,27,90,22,51,52,58,58,8993,8964,9207,1.7,36.2,18,NA
id_561,ENSG00000243710,ENSG00000243710,NA,I22,100,18,18,0,0,0,18,100,7,24,52,35,35,250,233,1128,1.7,36.2,18,NA
id_561,ENSG00000117395,ENSG00000117395,NA,I18,100,18,18,0,0,0,18,100,7,24,52,35,35,38675,38692,46528,1.7,36.2,18,NA
id_561,ENSG00000117395,ENSG00000117395,NA,I17,100,18,18,0,0,0,18,100,7,24,52,35,35,27052,27069,34905,1.7,36.2,18,NA
id_561,ENST00000346177,ENSG00000128591,FLNC,NA,90,27,30,3,0,0,27,90,22,51,52,58,58,6425,6454,9042,1.7,36.2,18,protein_coding
id_561,ENST00000325888,ENSG00000128591,FLNC,NA,90,27,30,3,0,0,27,90,22,51,52,58,58,6573,6602,9188,1.7,36.2,18,protein_coding
id_562,ENSG00000242902,ENSG00000242902,NA,I3,90,27,30,3,0,0,27,90,21,50,52,58,58,8993,8964,9207,1.7,36.2,18,NA
id_562,ENSG00000243710,ENSG00000243710,NA,I22,100,18,18,0,0,0,18,100,6,23,52,35,35,250,233,1128,1.7,36.2,18,NA
id_562,ENSG00000117395,ENSG00000117395,NA,I18,100,18,18,0,0,0,18,100,6,23,52,35,35,38675,38692,46528,1.7,36.2,18,NA
id_562,ENSG00000117395,ENSG00000117395,NA,I17,100,18,18,0,0,0,18,100,6,23,52,35,35,27052,27069,34905,1.7,36.2,18,NA
id_562,ENST00000346177,ENSG00000128591,FLNC,NA,90,27,30,3,0,0,27,90,21,50,52,58,58,6425,6454,9042,1.7,36.2,18,protein_coding
id_562,ENST00000325888,ENSG00000128591,FLNC,NA,90,27,30,3,0,0,27,90,21,50,52,58,58,6573,6602,9188,1.7,36.2,18,protein_coding
id_563,ENSG00000242902,ENSG00000242902,NA,I3,90,27,30,3,0,0,27,90,20,49,52,58,58,8993,8964,9207,1.7,36.2,18,NA
id_563,ENSG00000243710,ENSG00000243710,NA,I22,100,18,18,0,0,0,18,100,5,22,52,35,35,250,233,1128,1.7,36.2,18,NA
id_563,ENSG00000117395,ENSG00000117395,NA,I18,100,18,18,0,0,0,18,100,5,22,52,35,35,38675,38692,46528,1.7,36.2,18,NA
id_563,ENSG00000117395,ENSG00000117395,NA,I17,100,18,18,0,0,0,18,100,5,22,52,35,35,27052,27069,34905,1.7,36.2,18,NA
id_563,ENST00000346177,ENSG00000128591,FLNC,NA,90,27,30,3,0,0,27,90,20,49,52,58,58,6425,6454,9042,1.7,36.2,18,protein_coding
id_563,ENST00000325888,ENSG00000128591,FLNC,NA,90,27,30,3,0,0,27,90,20,49,52,58,58,6573,6602,9188,1.7,36.2,18,protein_coding
id_564,ENSG00000242902,ENSG00000242902,NA,I3,90,27,30,3,0,0,27,90,19,48,52,58,58,8993,8964,9207,1.7,36.2,18,NA
id_564,ENSG00000243710,ENSG00000243710,NA,I22,100,18,18,0,0,0,18,100,4,21,52,35,35,250,233,1128,1.7,36.2,18,NA
id_564,ENSG00000117395,ENSG00000117395,NA,I18,100,18,18,0,0,0,18,100,4,21,52,35,35,38675,38692,46528,1.7,36.2,18,NA
id_564,ENSG00000117395,ENSG00000117395,NA,I17,100,18,18,0,0,0,18,100,4,21,52,35,35,27052,27069,34905,1.7,36.2,18,NA
id_564,ENST00000346177,ENSG00000128591,FLNC,NA,90,27,30,3,0,0,27,90,19,48,52,58,58,6425,6454,9042,1.7,36.2,18,protein_coding
id_564,ENST00000325888,ENSG00000128591,FLNC,NA,90,27,30,3,0,0,27,90,19,48,52,58,58,6573,6602,9188,1.7,36.2,18,protein_coding
id_565,ENSG00000242902,ENSG00000242902,NA,I3,90,27,30,3,0,0,27,90,18,47,52,58,58,8993,8964,9207,1.7,36.2,18,NA
id_565,ENSG00000243710,ENSG00000243710,NA,I22,100,18,18,0,0,0,18,100,3,20,52,35,35,250,233,1128,1.7,36.2,18,NA
id_565,ENSG00000117395,ENSG00000117395,NA,I18,100,18,18,0,0,0,18,100,3,20,52,35,35,38675,38692,46528,1.7,36.2,18,NA
id_565,ENSG00000117395,ENSG00000117395,NA,I17,100,18,18,0,0,0,18,100,3,20,52,35,35,27052,27069,34905,1.7,36.2,18,NA
id_565,ENST00000346177,ENSG00000128591,FLNC,NA,90,27,30,3,0,0,27,90,18,47,52,58,58,6425,6454,9042,1.7,36.2,18,protein_coding
id_565,ENST00000325888,ENSG00000128591,FLNC,NA,90,27,30,3,0,0,27,90,18,47,52,58,58,6573,6602,9188,1.7,36.2,18,protein_coding
id_566,ENSG00000242902,ENSG00000242902,NA,I3,90,27,30,3,0,0,27,90,17,46,52,58,58,8993,8964,9207,1.7,36.2,18,NA
id_566,ENSG00000243710,ENSG00000243710,NA,I22,100,18,18,0,0,0,18,100,2,19,52,35,35,250,233,1128,1.7,36.2,18,NA
id_566,ENSG00000117395,ENSG00000117395,NA,I18,100,18,18,0,0,0,18,100,2,19,52,35,35,38675,38692,46528,1.7,36.2,18,NA
id_566,ENSG00000117395,ENSG00000117395,NA,I17,100,18,18,0,0,0,18,100,2,19,52,35,35,27052,27069,34905,1.7,36.2,18,NA
id_566,ENST00000346177,ENSG00000128591,FLNC,NA,90,27,30,3,0,0,27,90,17,46,52,58,58,6425,6454,9042,1.7,36.2,18,protein_coding
id_566,ENST00000325888,ENSG00000128591,FLNC,NA,90,27,30,3,0,0,27,90,17,46,52,58,58,6573,6602,9188,1.7,36.2,18,protein_coding
id_567,ENSG00000242902,ENSG00000242902,NA,I3,90,27,30,3,0,0,27,90,16,45,52,58,58,8993,8964,9207,1.7,36.2,18,NA
id_567,ENSG00000243710,ENSG00000243710,NA,I22,100,18,18,0,0,0,18,100,1,18,52,35,35,250,233,1128,1.7,36.2,18,NA
id_567,ENSG00000117395,ENSG00000117395,NA,I18,100,18,18,0,0,0,18,100,1,18,52,35,35,38675,38692,46528,1.7,36.2,18,NA
id_567,ENSG00000117395,ENSG00000117395,NA,I17,100,18,18,0,0,0,18,100,1,18,52,35,35,27052,27069,34905,1.7,36.2,18,NA
id_567,ENST00000346177,ENSG00000128591,FLNC,NA,90,27,30,3,0,0,27,90,16,45,52,58,58,6425,6454,9042,1.7,36.2,18,protein_coding
id_567,ENST00000325888,ENSG00000128591,FLNC,NA,90,27,30,3,0,0,27,90,16,45,52,58,58,6573,6602,9188,1.7,36.2,18,protein_coding
id_568,ENSG00000242902,ENSG00000242902,NA,I3,90,27,30,3,0,0,27,90,15,44,52,58,58,8993,8964,9207,1.7,36.2,18,NA
id_568,ENST00000346177,ENSG00000128591,FLNC,NA,90,27,30,3,0,0,27,90,15,44,52,58,58,6425,6454,9042,1.7,36.2,18,protein_coding
id_568,ENST00000325888,ENSG00000128591,FLNC,NA,90,27,30,3,0,0,27,90,15,44,52,58,58,6573,6602,9188,1.7,36.2,18,protein_coding
id_569,ENSG00000242902,ENSG00000242902,NA,I3,90,27,30,3,0,0,27,90,14,43,52,58,58,8993,8964,9207,1.7,36.2,18,NA
id_569,ENST00000346177,ENSG00000128591,FLNC,NA,90,27,30,3,0,0,27,90,14,43,52,58,58,6425,6454,9042,1.7,36.2,18,protein_coding
id_569,ENST00000325888,ENSG00000128591,FLNC,NA,90,27,30,3,0,0,27,90,14,43,52,58,58,6573,6602,9188,1.7,36.2,18,protein_coding
id_570,ENSG00000242902,ENSG00000242902,NA,I3,90,27,30,3,0,0,27,90,13,42,52,58,58,8993,8964,9207,1.7,36.2,18,NA
id_570,ENST00000346177,ENSG00000128591,FLNC,NA,90,27,30,3,0,0,27,90,13,42,52,58,58,6425,6454,9042,1.7,36.2,18,protein_coding
id_570,ENST00000325888,ENSG00000128591,FLNC,NA,90,27,30,3,0,0,27,90,13,42,52,58,58,6573,6602,9188,1.7,36.2,18,protein_coding
id_571,ENSG00000242902,ENSG00000242902,NA,I3,90,27,30,3,0,0,27,90,12,41,52,58,58,8993,8964,9207,1.7,36.2,18,NA
id_571,ENST00000346177,ENSG00000128591,FLNC,NA,90,27,30,3,0,0,27,90,12,41,52,58,58,6425,6454,9042,1.7,36.2,18,protein_coding
id_571,ENST00000325888,ENSG00000128591,FLNC,NA,90,27,30,3,0,0,27,90,12,41,52,58,58,6573,6602,9188,1.7,36.2,18,protein_coding
id_572,ENSG00000242902,ENSG00000242902,NA,I3,90,27,30,3,0,0,27,90,11,40,52,58,58,8993,8964,9207,1.7,36.2,18,NA
id_572,ENST00000346177,ENSG00000128591,FLNC,NA,90,27,30,3,0,0,27,90,11,40,52,58,58,6425,6454,9042,1.7,36.2,18,protein_coding
id_572,ENST00000325888,ENSG00000128591,FLNC,NA,90,27,30,3,0,0,27,90,11,40,52,58,58,6573,6602,9188,1.7,36.2,18,protein_coding
id_573,ENSG00000242902,ENSG00000242902,NA,I3,90,27,30,3,0,0,27,90,10,39,52,58,58,8993,8964,9207,1.7,36.2,18,NA
id_573,ENST00000346177,ENSG00000128591,FLNC,NA,90,27,30,3,0,0,27,90,10,39,52,58,58,6425,6454,9042,1.7,36.2,18,protein_coding
id_573,ENST00000325888,ENSG00000128591,FLNC,NA,90,27,30,3,0,0,27,90,10,39,52,58,58,6573,6602,9188,1.7,36.2,18,protein_coding
id_574,ENSG00000242902,ENSG00000242902,NA,I3,90,27,30,3,0,0,27,90,9,38,52,58,58,8993,8964,9207,1.7,36.2,18,NA
id_574,ENST00000346177,ENSG00000128591,FLNC,NA,90,27,30,3,0,0,27,90,9,38,52,58,58,6425,6454,9042,1.7,36.2,18,protein_coding
id_574,ENST00000325888,ENSG00000128591,FLNC,NA,90,27,30,3,0,0,27,90,9,38,52,58,58,6573,6602,9188,1.7,36.2,18,protein_coding
id_575,ENSG00000242902,ENSG00000242902,NA,I3,90,27,30,3,0,0,27,90,8,37,52,58,58,8993,8964,9207,1.7,36.2,18,NA
id_575,ENST00000346177,ENSG00000128591,FLNC,NA,90,27,30,3,0,0,27,90,8,37,52,58,58,6425,6454,9042,1.7,36.2,18,protein_coding
id_575,ENST00000325888,ENSG00000128591,FLNC,NA,90,27,30,3,0,0,27,90,8,37,52,58,58,6573,6602,9188,1.7,36.2,18,protein_coding
id_576,ENSG00000242902,ENSG00000242902,NA,I3,90,27,30,3,0,0,27,90,7,36,52,58,58,8993,8964,9207,1.7,36.2,18,NA
id_576,ENST00000346177,ENSG00000128591,FLNC,NA,90,27,30,3,0,0,27,90,7,36,52,58,58,6425,6454,9042,1.7,36.2,18,protein_coding
id_576,ENST00000325888,ENSG00000128591,FLNC,NA,90,27,30,3,0,0,27,90,7,36,52,58,58,6573,6602,9188,1.7,36.2,18,protein_coding
id_577,ENSG00000242902,ENSG00000242902,NA,I3,90,27,30,3,0,0,27,90,6,35,52,58,58,8993,8964,9207,1.7,36.2,18,NA
id_577,ENST00000346177,ENSG00000128591,FLNC,NA,90,27,30,3,0,0,27,90,6,35,52,58,58,6425,6454,9042,1.7,36.2,18,protein_coding
id_577,ENST00000325888,ENSG00000128591,FLNC,NA,90,27,30,3,0,0,27,90,6,35,52,58,58,6573,6602,9188,1.7,36.2,18,protein_coding
id_578,ENSG00000242902,ENSG00000242902,NA,I3,90,27,30,3,0,0,27,90,5,34,52,58,58,8993,8964,9207,1.7,36.2,18,NA
id_578,ENST00000346177,ENSG00000128591,FLNC,NA,90,27,30,3,0,0,27,90,5,34,52,58,58,6425,6454,9042,1.7,36.2,18,protein_coding
id_578,ENST00000325888,ENSG00000128591,FLNC,NA,90,27,30,3,0,0,27,90,5,34,52,58,58,6573,6602,9188,1.7,36.2,18,protein_coding
id_579,ENSG00000242902,ENSG00000242902,NA,I3,90,27,30,3,0,0,27,90,4,33,52,58,58,8993,8964,9207,1.7,36.2,18,NA
id_579,ENST00000416691,ENSG00000133103,COG6,NA,100,18,18,0,0,0,18,100,35,52,52,35,35,2012,1995,5257,1.7,36.2,18,protein_coding
id_579,ENST00000346177,ENSG00000128591,FLNC,NA,90,27,30,3,0,0,27,90,4,33,52,58,58,6425,6454,9042,1.7,36.2,18,protein_coding
id_579,ENST00000325888,ENSG00000128591,FLNC,NA,90,27,30,3,0,0,27,90,4,33,52,58,58,6573,6602,9188,1.7,36.2,18,protein_coding
id_580,ENSG00000242902,ENSG00000242902,NA,I3,90,27,30,3,0,0,27,90,3,32,52,58,58,8993,8964,9207,1.7,36.2,18,NA
id_580,ENST00000416691,ENSG00000133103,COG6,NA,100,18,18,0,0,0,18,100,34,51,52,35,35,2012,1995,5257,1.7,36.2,18,protein_coding
id_580,ENST00000346177,ENSG00000128591,FLNC,NA,90,27,30,3,0,0,27,90,3,32,52,58,58,6425,6454,9042,1.7,36.2,18,protein_coding
id_580,ENST00000325888,ENSG00000128591,FLNC,NA,90,27,30,3,0,0,27,90,3,32,52,58,58,6573,6602,9188,1.7,36.2,18,protein_coding
id_581,ENSG00000242902,ENSG00000242902,NA,I3,90,27,30,3,0,0,27,90,2,31,52,58,58,8993,8964,9207,1.7,36.2,18,NA
id_581,ENST00000416691,ENSG00000133103,COG6,NA,100,18,18,0,0,0,18,100,33,50,52,35,35,2012,1995,5257,1.7,36.2,18,protein_coding
id_581,ENST00000346177,ENSG00000128591,FLNC,NA,90,27,30,3,0,0,27,90,2,31,52,58,58,6425,6454,9042,1.7,36.2,18,protein_coding
id_581,ENST00000325888,ENSG00000128591,FLNC,NA,90,27,30,3,0,0,27,90,2,31,52,58,58,6573,6602,9188,1.7,36.2,18,protein_coding
id_582,ENST00000346177,ENSG00000128591,FLNC,NA,90,27,30,3,0,0,27,90,1,30,52,58,58,6425,6454,9042,1.7,36.2,18,protein_coding
id_582,ENST00000325888,ENSG00000128591,FLNC,NA,90,27,30,3,0,0,27,90,1,30,52,58,58,6573,6602,9188,1.7,36.2,18,protein_coding
id_582,ENSG00000242902,ENSG00000242902,NA,I3,90,27,30,3,0,0,27,90,1,30,52,58,58,8993,8964,9207,1.7,36.2,18,NA
id_582,ENST00000416691,ENSG00000133103,COG6,NA,100,18,18,0,0,0,18,100,32,49,52,35,35,2012,1995,5257,1.7,36.2,18,protein_coding
id_583,ENST00000416691,ENSG00000133103,COG6,NA,100,18,18,0,0,0,18,100,31,48,52,35,35,2012,1995,5257,1.7,36.2,18,protein_coding
id_584,ENST00000416691,ENSG00000133103,COG6,NA,100,18,18,0,0,0,18,100,30,47,52,35,35,2012,1995,5257,1.7,36.2,18,protein_coding
id_585,ENST00000416691,ENSG00000133103,COG6,NA,100,18,18,0,0,0,18,100,29,46,52,35,35,2012,1995,5257,1.7,36.2,18,protein_coding
id_586,ENST00000416691,ENSG00000133103,COG6,NA,100,18,18,0,0,0,18,100,28,45,52,35,35,2012,1995,5257,1.7,36.2,18,protein_coding
id_587,ENST00000416691,ENSG00000133103,COG6,NA,100,18,18,0,0,0,18,100,27,44,52,35,35,2012,1995,5257,1.7,36.2,18,protein_coding
id_588,ENST00000416691,ENSG00000133103,COG6,NA,100,18,18,0,0,0,18,100,26,43,52,35,35,2012,1995,5257,1.7,36.2,18,protein_coding
id_589,ENSG00000165392,ENSG00000165392,NA,I27,95.455,21,22,1,0,0,21,95.45,31,52,52,42,42,4270,4249,9003,1.7,36.2,18,NA
id_589,ENST00000416691,ENSG00000133103,COG6,NA,100,18,18,0,0,0,18,100,25,42,52,35,35,2012,1995,5257,1.7,36.2,18,protein_coding
id_590,ENSG00000165392,ENSG00000165392,NA,I27,95.652,22,23,1,0,0,22,95.65,30,52,52,44,44,4270,4248,9003,0.44,38.2,19,NA
id_590,ENST00000416691,ENSG00000133103,COG6,NA,100,18,18,0,0,0,18,100,24,41,52,35,35,2012,1995,5257,1.7,36.2,18,protein_coding
id_591,ENSG00000165392,ENSG00000165392,NA,I27,95.652,22,23,1,0,0,22,95.65,29,51,52,44,44,4270,4248,9003,0.44,38.2,19,NA
id_591,ENST00000416691,ENSG00000133103,COG6,NA,100,18,18,0,0,0,18,100,23,40,52,35,35,2012,1995,5257,1.7,36.2,18,protein_coding
id_592,ENSG00000165392,ENSG00000165392,NA,I27,95.652,22,23,1,0,0,22,95.65,28,50,52,44,44,4270,4248,9003,0.44,38.2,19,NA
id_592,ENST00000416691,ENSG00000133103,COG6,NA,100,18,18,0,0,0,18,100,22,39,52,35,35,2012,1995,5257,1.7,36.2,18,protein_coding
id_593,ENSG00000165392,ENSG00000165392,NA,I27,95.652,22,23,1,0,0,22,95.65,27,49,52,44,44,4270,4248,9003,0.44,38.2,19,NA
id_593,ENST00000416691,ENSG00000133103,COG6,NA,100,18,18,0,0,0,18,100,21,38,52,35,35,2012,1995,5257,1.7,36.2,18,protein_coding
id_594,ENSG00000165392,ENSG00000165392,NA,I27,95.652,22,23,1,0,0,22,95.65,26,48,52,44,44,4270,4248,9003,0.44,38.2,19,NA
id_594,ENST00000416691,ENSG00000133103,COG6,NA,100,18,18,0,0,0,18,100,20,37,52,35,35,2012,1995,5257,1.7,36.2,18,protein_coding
id_595,ENSG00000165392,ENSG00000165392,NA,I27,95.652,22,23,1,0,0,22,95.65,25,47,52,44,44,4270,4248,9003,0.44,38.2,19,NA
id_595,ENST00000416691,ENSG00000133103,COG6,NA,100,18,18,0,0,0,18,100,19,36,52,35,35,2012,1995,5257,1.7,36.2,18,protein_coding
id_596,ENSG00000165392,ENSG00000165392,NA,I27,95.652,22,23,1,0,0,22,95.65,24,46,52,44,44,4270,4248,9003,0.44,38.2,19,NA
id_596,ENST00000416691,ENSG00000133103,COG6,NA,100,18,18,0,0,0,18,100,18,35,52,35,35,2012,1995,5257,1.7,36.2,18,protein_coding
id_597,ENSG00000165392,ENSG00000165392,NA,I27,95.652,22,23,1,0,0,22,95.65,23,45,52,44,44,4270,4248,9003,0.44,38.2,19,NA
id_597,ENST00000416691,ENSG00000133103,COG6,NA,100,18,18,0,0,0,18,100,17,34,52,35,35,2012,1995,5257,1.7,36.2,18,protein_coding
id_598,ENSG00000165392,ENSG00000165392,NA,I27,95.652,22,23,1,0,0,22,95.65,22,44,52,44,44,4270,4248,9003,0.44,38.2,19,NA
id_598,ENST00000416691,ENSG00000133103,COG6,NA,100,18,18,0,0,0,18,100,16,33,52,35,35,2012,1995,5257,1.7,36.2,18,protein_coding
id_599,ENSG00000165392,ENSG00000165392,NA,I27,95.652,22,23,1,0,0,22,95.65,21,43,52,44,44,4270,4248,9003,0.44,38.2,19,NA
id_599,ENST00000416691,ENSG00000133103,COG6,NA,100,18,18,0,0,0,18,100,15,32,52,35,35,2012,1995,5257,1.7,36.2,18,protein_coding
id_600,ENSG00000165392,ENSG00000165392,NA,I27,95.652,22,23,1,0,0,22,95.65,20,42,52,44,44,4270,4248,9003,0.44,38.2,19,NA
id_600,ENST00000416691,ENSG00000133103,COG6,NA,100,18,18,0,0,0,18,100,14,31,52,35,35,2012,1995,5257,1.7,36.2,18,protein_coding
id_601,ENSG00000165392,ENSG00000165392,NA,I27,95.652,22,23,1,0,0,22,95.65,19,41,52,44,44,4270,4248,9003,0.44,38.2,19,NA
id_601,ENST00000416691,ENSG00000133103,COG6,NA,100,18,18,0,0,0,18,100,13,30,52,35,35,2012,1995,5257,1.7,36.2,18,protein_coding
id_602,ENSG00000165392,ENSG00000165392,NA,I27,95.652,22,23,1,0,0,22,95.65,18,40,52,44,44,4270,4248,9003,0.44,38.2,19,NA
id_602,ENST00000416691,ENSG00000133103,COG6,NA,100,18,18,0,0,0,18,100,12,29,52,35,35,2012,1995,5257,1.7,36.2,18,protein_coding
id_603,ENSG00000165392,ENSG00000165392,NA,I27,95.652,22,23,1,0,0,22,95.65,17,39,52,44,44,4270,4248,9003,0.44,38.2,19,NA
id_603,ENSG00000185274,ENSG00000185274,NA,I9,100,18,18,0,0,0,18,100,35,52,52,35,35,74755,74772,94088,1.7,36.2,18,NA
id_603,ENST00000416691,ENSG00000133103,COG6,NA,100,18,18,0,0,0,18,100,11,28,52,35,35,2012,1995,5257,1.7,36.2,18,protein_coding
id_604,ENSG00000165392,ENSG00000165392,NA,I27,95.652,22,23,1,0,0,22,95.65,16,38,52,44,44,4270,4248,9003,0.44,38.2,19,NA
id_604,ENSG00000185274,ENSG00000185274,NA,I9,100,18,18,0,0,0,18,100,34,51,52,35,35,74755,74772,94088,1.7,36.2,18,NA
id_604,ENST00000416691,ENSG00000133103,COG6,NA,100,18,18,0,0,0,18,100,10,27,52,35,35,2012,1995,5257,1.7,36.2,18,protein_coding
id_605,ENSG00000165392,ENSG00000165392,NA,I27,95.652,22,23,1,0,0,22,95.65,15,37,52,44,44,4270,4248,9003,0.44,38.2,19,NA
id_605,ENSG00000185274,ENSG00000185274,NA,I9,100,18,18,0,0,0,18,100,33,50,52,35,35,74755,74772,94088,1.7,36.2,18,NA
id_605,ENST00000416691,ENSG00000133103,COG6,NA,100,18,18,0,0,0,18,100,9,26,52,35,35,2012,1995,5257,1.7,36.2,18,protein_coding
id_606,ENSG00000165392,ENSG00000165392,NA,I27,95.652,22,23,1,0,0,22,95.65,14,36,52,44,44,4270,4248,9003,0.44,38.2,19,NA
id_606,ENSG00000185274,ENSG00000185274,NA,I9,100,18,18,0,0,0,18,100,32,49,52,35,35,74755,74772,94088,1.7,36.2,18,NA
id_606,ENST00000416691,ENSG00000133103,COG6,NA,100,18,18,0,0,0,18,100,8,25,52,35,35,2012,1995,5257,1.7,36.2,18,protein_coding
id_607,ENSG00000165392,ENSG00000165392,NA,I27,95.652,22,23,1,0,0,22,95.65,13,35,52,44,44,4270,4248,9003,0.44,38.2,19,NA
id_607,ENSG00000185274,ENSG00000185274,NA,I9,100,18,18,0,0,0,18,100,31,48,52,35,35,74755,74772,94088,1.7,36.2,18,NA
id_607,ENST00000416691,ENSG00000133103,COG6,NA,100,18,18,0,0,0,18,100,7,24,52,35,35,2012,1995,5257,1.7,36.2,18,protein_coding
id_608,ENSG00000165392,ENSG00000165392,NA,I27,95.652,22,23,1,0,0,22,95.65,12,34,52,44,44,4270,4248,9003,0.44,38.2,19,NA
id_608,ENSG00000185274,ENSG00000185274,NA,I9,100,18,18,0,0,0,18,100,30,47,52,35,35,74755,74772,94088,1.7,36.2,18,NA
id_608,ENST00000416691,ENSG00000133103,COG6,NA,100,18,18,0,0,0,18,100,6,23,52,35,35,2012,1995,5257,1.7,36.2,18,protein_coding
id_609,ENSG00000165392,ENSG00000165392,NA,I27,95.652,22,23,1,0,0,22,95.65,11,33,52,44,44,4270,4248,9003,0.44,38.2,19,NA
id_609,ENSG00000185274,ENSG00000185274,NA,I9,100,18,18,0,0,0,18,100,29,46,52,35,35,74755,74772,94088,1.7,36.2,18,NA
id_609,ENST00000416691,ENSG00000133103,COG6,NA,100,18,18,0,0,0,18,100,5,22,52,35,35,2012,1995,5257,1.7,36.2,18,protein_coding
id_610,ENSG00000165392,ENSG00000165392,NA,I27,95.652,22,23,1,0,0,22,95.65,10,32,52,44,44,4270,4248,9003,0.44,38.2,19,NA
id_610,ENSG00000185274,ENSG00000185274,NA,I9,100,18,18,0,0,0,18,100,28,45,52,35,35,74755,74772,94088,1.7,36.2,18,NA
id_610,ENST00000416691,ENSG00000133103,COG6,NA,100,18,18,0,0,0,18,100,4,21,52,35,35,2012,1995,5257,1.7,36.2,18,protein_coding
id_611,ENSG00000165392,ENSG00000165392,NA,I27,95.652,22,23,1,0,0,22,95.65,9,31,52,44,44,4270,4248,9003,0.44,38.2,19,NA
id_611,ENSG00000185274,ENSG00000185274,NA,I9,100,18,18,0,0,0,18,100,27,44,52,35,35,74755,74772,94088,1.7,36.2,18,NA
id_611,ENST00000416691,ENSG00000133103,COG6,NA,100,18,18,0,0,0,18,100,3,20,52,35,35,2012,1995,5257,1.7,36.2,18,protein_coding
id_612,ENSG00000165392,ENSG00000165392,NA,I27,95.652,22,23,1,0,0,22,95.65,8,30,52,44,44,4270,4248,9003,0.44,38.2,19,NA
id_612,ENSG00000185274,ENSG00000185274,NA,I9,100,18,18,0,0,0,18,100,26,43,52,35,35,74755,74772,94088,1.7,36.2,18,NA
id_612,ENST00000416691,ENSG00000133103,COG6,NA,100,18,18,0,0,0,18,100,2,19,52,35,35,2012,1995,5257,1.7,36.2,18,protein_coding
id_613,ENSG00000165392,ENSG00000165392,NA,I27,95.652,22,23,1,0,0,22,95.65,7,29,52,44,44,4270,4248,9003,0.44,38.2,19,NA
id_613,ENSG00000185274,ENSG00000185274,NA,I9,100,18,18,0,0,0,18,100,25,42,52,35,35,74755,74772,94088,1.7,36.2,18,NA
id_613,ENST00000416691,ENSG00000133103,COG6,NA,100,18,18,0,0,0,18,100,1,18,52,35,35,2012,1995,5257,1.7,36.2,18,protein_coding
id_614,ENSG00000165392,ENSG00000165392,NA,I27,95.652,22,23,1,0,0,22,95.65,6,28,52,44,44,4270,4248,9003,0.44,38.2,19,NA
id_614,ENSG00000185274,ENSG00000185274,NA,I9,100,18,18,0,0,0,18,100,24,41,52,35,35,74755,74772,94088,1.7,36.2,18,NA
id_615,ENSG00000165392,ENSG00000165392,NA,I27,95.652,22,23,1,0,0,22,95.65,5,27,52,44,44,4270,4248,9003,0.44,38.2,19,NA
id_615,ENSG00000185274,ENSG00000185274,NA,I9,100,18,18,0,0,0,18,100,23,40,52,35,35,74755,74772,94088,1.7,36.2,18,NA
id_616,ENSG00000165392,ENSG00000165392,NA,I27,95.652,22,23,1,0,0,22,95.65,4,26,52,44,44,4270,4248,9003,0.44,38.2,19,NA
id_616,ENSG00000185274,ENSG00000185274,NA,I9,100,18,18,0,0,0,18,100,22,39,52,35,35,74755,74772,94088,1.7,36.2,18,NA
id_617,ENSG00000165392,ENSG00000165392,NA,I27,95.652,22,23,1,0,0,22,95.65,3,25,52,44,44,4270,4248,9003,0.44,38.2,19,NA
id_617,ENSG00000185274,ENSG00000185274,NA,I9,100,18,18,0,0,0,18,100,21,38,52,35,35,74755,74772,94088,1.7,36.2,18,NA
id_618,ENSG00000165392,ENSG00000165392,NA,I27,95.652,22,23,1,0,0,22,95.65,2,24,52,44,44,4270,4248,9003,0.44,38.2,19,NA
id_618,ENSG00000185274,ENSG00000185274,NA,I9,100,18,18,0,0,0,18,100,20,37,52,35,35,74755,74772,94088,1.7,36.2,18,NA
id_619,ENSG00000165392,ENSG00000165392,NA,I27,95.652,22,23,1,0,0,22,95.65,1,23,52,44,44,4270,4248,9003,0.44,38.2,19,NA
id_619,ENSG00000185274,ENSG00000185274,NA,I9,100,18,18,0,0,0,18,100,19,36,52,35,35,74755,74772,94088,1.7,36.2,18,NA
id_630,ENSG00000185274,ENSG00000185274,NA,I9,100,18,18,0,0,0,18,100,8,25,52,35,35,74755,74772,94088,1.7,36.2,18,NA
id_631,ENSG00000059377,ENSG00000059377,NA,I6,100,18,18,0,0,0,18,100,35,52,52,35,35,257,274,8946,1.7,36.2,18,NA
id_631,ENSG00000059377,ENSG00000059377,NA,I5,100,18,18,0,0,0,18,100,35,52,52,35,35,257,274,4274,1.7,36.2,18,NA
id_631,ENSG00000059377,ENSG00000059377,NA,I4,100,18,18,0,0,0,18,100,35,52,52,35,35,257,274,2348,1.7,36.2,18,NA
id_631,ENSG00000059377,ENSG00000059377,NA,I3,100,18,18,0,0,0,18,100,35,52,52,35,35,578,595,2669,1.7,36.2,18,NA
id_631,ENSG00000059377,ENSG00000059377,NA,I2,100,18,18,0,0,0,18,100,35,52,52,35,35,1487,1504,10176,1.7,36.2,18,NA
id_631,ENSG00000059377,ENSG00000059377,NA,I1,100,18,18,0,0,0,18,100,35,52,52,35,35,1487,1504,5504,1.7,36.2,18,NA
id_631,ENSG00000185274,ENSG00000185274,NA,I9,100,18,18,0,0,0,18,100,7,24,52,35,35,74755,74772,94088,1.7,36.2,18,NA
id_634,ENSG00000059377,ENSG00000059377,NA,I6,100,18,18,0,0,0,18,100,32,49,52,35,35,257,274,8946,1.7,36.2,18,NA
id_634,ENSG00000059377,ENSG00000059377,NA,I5,100,18,18,0,0,0,18,100,32,49,52,35,35,257,274,4274,1.7,36.2,18,NA
id_634,ENSG00000059377,ENSG00000059377,NA,I4,100,18,18,0,0,0,18,100,32,49,52,35,35,257,274,2348,1.7,36.2,18,NA
id_634,ENSG00000059377,ENSG00000059377,NA,I3,100,18,18,0,0,0,18,100,32,49,52,35,35,578,595,2669,1.7,36.2,18,NA
id_634,ENSG00000059377,ENSG00000059377,NA,I2,100,18,18,0,0,0,18,100,32,49,52,35,35,1487,1504,10176,1.7,36.2,18,NA
id_634,ENSG00000059377,ENSG00000059377,NA,I1,100,18,18,0,0,0,18,100,32,49,52,35,35,1487,1504,5504,1.7,36.2,18,NA
id_634,ENSG00000185274,ENSG00000185274,NA,I9,100,18,18,0,0,0,18,100,4,21,52,35,35,74755,74772,94088,1.7,36.2,18,NA
id_635,ENSG00000059377,ENSG00000059377,NA,I6,100,18,18,0,0,0,18,100,31,48,52,35,35,257,274,8946,1.7,36.2,18,NA
id_635,ENSG00000059377,ENSG00000059377,NA,I5,100,18,18,0,0,0,18,100,31,48,52,35,35,257,274,4274,1.7,36.2,18,NA
id_635,ENSG00000059377,ENSG00000059377,NA,I4,100,18,18,0,0,0,18,100,31,48,52,35,35,257,274,2348,1.7,36.2,18,NA
id_635,ENSG00000059377,ENSG00000059377,NA,I3,100,18,18,0,0,0,18,100,31,48,52,35,35,578,595,2669,1.7,36.2,18,NA
id_635,ENSG00000059377,ENSG00000059377,NA,I2,100,18,18,0,0,0,18,100,31,48,52,35,35,1487,1504,10176,1.7,36.2,18,NA
id_635,ENSG00000059377,ENSG00000059377,NA,I1,100,18,18,0,0,0,18,100,31,48,52,35,35,1487,1504,5504,1.7,36.2,18,NA
id_635,ENSG00000185274,ENSG00000185274,NA,I9,100,18,18,0,0,0,18,100,3,20,52,35,35,74755,74772,94088,1.7,36.2,18,NA
id_636,ENSG00000059377,ENSG00000059377,NA,I6,100,18,18,0,0,0,18,100,30,47,52,35,35,257,274,8946,1.7,36.2,18,NA
id_636,ENSG00000059377,ENSG00000059377,NA,I5,100,18,18,0,0,0,18,100,30,47,52,35,35,257,274,4274,1.7,36.2,18,NA
id_636,ENSG00000059377,ENSG00000059377,NA,I4,100,18,18,0,0,0,18,100,30,47,52,35,35,257,274,2348,1.7,36.2,18,NA
id_636,ENSG00000059377,ENSG00000059377,NA,I3,100,18,18,0,0,0,18,100,30,47,52,35,35,578,595,2669,1.7,36.2,18,NA
id_636,ENSG00000059377,ENSG00000059377,NA,I2,100,18,18,0,0,0,18,100,30,47,52,35,35,1487,1504,10176,1.7,36.2,18,NA
id_636,ENSG00000059377,ENSG00000059377,NA,I1,100,18,18,0,0,0,18,100,30,47,52,35,35,1487,1504,5504,1.7,36.2,18,NA
id_636,ENSG00000185274,ENSG00000185274,NA,I9,100,18,18,0,0,0,18,100,2,19,52,35,35,74755,74772,94088,1.7,36.2,18,NA
id_637,ENSG00000059377,ENSG00000059377,NA,I6,100,18,18,0,0,0,18,100,29,46,52,35,35,257,274,8946,1.7,36.2,18,NA
id_637,ENSG00000059377,ENSG00000059377,NA,I5,100,18,18,0,0,0,18,100,29,46,52,35,35,257,274,4274,1.7,36.2,18,NA
id_637,ENSG00000059377,ENSG00000059377,NA,I4,100,18,18,0,0,0,18,100,29,46,52,35,35,257,274,2348,1.7,36.2,18,NA
id_637,ENSG00000059377,ENSG00000059377,NA,I3,100,18,18,0,0,0,18,100,29,46,52,35,35,578,595,2669,1.7,36.2,18,NA
id_637,ENSG00000059377,ENSG00000059377,NA,I2,100,18,18,0,0,0,18,100,29,46,52,35,35,1487,1504,10176,1.7,36.2,18,NA
id_637,ENSG00000059377,ENSG00000059377,NA,I1,100,18,18,0,0,0,18,100,29,46,52,35,35,1487,1504,5504,1.7,36.2,18,NA
id_637,ENSG00000185274,ENSG00000185274,NA,I9,100,18,18,0,0,0,18,100,1,18,52,35,35,74755,74772,94088,1.7,36.2,18,NA
