,label,area,centroid-0,centroid-1,centroid-2,axis_major_length,doughnut_area,GFP_intensity_sum
0,1,664.0,2.924698795180723,115.54518072289157,60.411144578313255,15.995310265933135,374.0,3250200
1,2,820.0,1.602439024390244,174.1560975609756,326.5975609756098,21.649920794781355,361.0,7369075
2,3,404.0,3.772277227722772,175.24257425742573,335.58415841584156,17.32055970743183,215.0,5824763
3,4,768.0,1.5911458333333333,205.40364583333334,14.8125,22.387785056777318,334.0,9929627
4,5,325.0,1.8492307692307692,208.16615384615383,2.209230769230769,18.589956316610493,179.0,5443840
5,6,1414.0,3.13012729844413,219.3012729844413,314.2708628005658,25.01763254536327,753.0,14422913
6,7,912.0,2.393640350877193,219.84429824561403,16.597587719298247,19.443516343596137,389.0,10133582
7,8,277.0,0.8375451263537906,224.61371841155236,6.938628158844765,14.871971160535026,140.0,3588189
8,9,2739.0,3.573566995253742,229.21540708287696,442.49872216137277,27.278905681534464,1320.0,41337100
9,10,571.0,1.5026269702276707,233.94395796847635,410.34676007005254,17.71854824036106,362.0,10664491
10,11,642.0,1.4953271028037383,241.8582554517134,261.0140186915888,16.83470397241982,380.0,474967
11,12,347.0,1.5129682997118155,241.53314121037465,4.461095100864553,14.171503076164099,248.0,3054352
12,13,558.0,3.046594982078853,242.93548387096774,449.8010752688172,18.774608337916323,353.0,12018490
13,14,201.0,0.472636815920398,254.2139303482587,287.2039800995025,17.88937211373271,163.0,271081
14,15,369.0,1.8780487804878048,257.5691056910569,354.12466124661245,14.966778853072745,327.0,5271333
15,16,607.0,2.184514003294893,265.5683690280066,410.55354200988467,20.117600043910457,446.0,3458129
16,17,371.0,2.353099730458221,266.7061994609164,378.63072776280325,15.7570909569119,364.0,7609067
17,18,914.0,1.0842450765864333,279.58752735229757,193.25054704595186,23.919691598622023,430.0,877795
18,19,618.0,1.6116504854368932,282.457928802589,414.0323624595469,21.645986593507125,330.0,4707119
19,20,330.0,1.7545454545454546,295.0060606060606,367.45151515151514,14.210393810280388,323.0,9730263
20,21,984.0,2.7489837398373984,301.5406504065041,139.1260162601626,23.292842621803178,557.0,13325144
21,22,1097.0,2.9498632634457613,306.64630811303556,39.91704649042844,21.36048816326246,515.0,12382525
22,23,1229.0,7.942229454841335,299.89422294548416,40.23433685923515,20.729436896259337,492.0,13444146
23,24,1079.0,3.7914735866543094,298.1186283595922,52.73401297497683,21.24696324680244,524.0,17314718
24,25,570.0,1.707017543859649,313.7561403508772,418.00701754385966,23.32857278100521,383.0,10274094
25,26,549.0,1.7868852459016393,318.5992714025501,45.517304189435336,17.025568016017473,258.0,5854897
26,27,715.0,1.5244755244755244,319.25454545454545,306.0699300699301,21.76400896793783,417.0,8173390
27,28,1535.0,2.7941368078175897,330.2384364820847,23.52442996742671,22.72139177083576,684.0,14408600
28,29,68.0,1.3529411764705883,323.1029411764706,417.63235294117646,10.607144837123046,74.0,2615901
29,30,843.0,3.807829181494662,323.57888493475684,54.556346381969156,19.994681889651304,442.0,10062250
30,31,105.0,0.45714285714285713,330.5047619047619,340.0952380952381,13.81727983934379,130.0,187883
31,32,449.0,2.356347438752784,340.56347438752783,11.706013363028953,16.283833276534633,290.0,5972157
32,33,1222.0,4.666939443535188,350.34124386252046,30.956628477905074,18.27231231280116,655.0,11593715
33,34,189.0,1.9894179894179893,344.9153439153439,26.444444444444443,12.994368388364583,135.0,3356168
34,35,1153.0,2.0355594102341716,349.3408499566349,312.2150910667823,20.961533690004497,617.0,4049670
35,36,428.0,1.161214953271028,355.11915887850466,22.619158878504674,16.53235602271182,251.0,3982620
36,37,619.0,1.8416801292407108,365.86591276252017,40.38449111470113,21.787175839338744,422.0,7060199
37,38,571.0,1.9089316987740805,366.23642732049035,103.26444833625219,17.95326245932786,389.0,9217519
38,39,1023.0,3.673509286412512,370.752688172043,5.497556207233626,17.67231918403101,554.0,5508710
39,40,58.0,0.3793103448275862,373.7586206896552,284.37931034482756,8.757620375115387,101.0,240168
40,41,1052.0,2.5399239543726235,378.95532319391634,65.97623574144487,20.26029764470059,577.0,15764495
41,42,276.0,1.641304347826087,380.7210144927536,77.17753623188406,13.267149992820467,189.0,6705838
42,43,1622.0,3.246609124537608,389.2842170160296,19.072749691738593,26.402115884796537,899.0,12488008
43,44,444.0,2.0112612612612613,383.7927927927928,97.25,18.62702530949726,351.0,15952458
44,45,527.0,1.2333965844402277,398.5673624288425,104.13092979127134,18.367418776743243,304.0,9309582
45,46,478.0,1.4100418410041842,400.67782426778246,68.98117154811716,16.487828412742953,294.0,6454057
46,47,371.0,1.2776280323450135,402.9164420485175,28.398921832884096,15.639624803741896,177.0,3765307
47,48,776.0,2.216494845360825,403.35180412371136,38.67139175257732,20.16861451545044,396.0,6481130
48,49,381.0,1.10498687664042,407.7979002624672,18.094488188976378,16.337772964336597,210.0,1981220
49,50,481.0,0.8461538461538461,412.44074844074845,82.79209979209979,23.624255610618988,234.0,9392085
50,51,331.0,0.9909365558912386,414.3776435045317,96.08761329305136,18.049260578797615,176.0,5710919
51,52,655.0,2.051908396946565,421.79236641221377,69.84885496183206,17.07155066450312,339.0,5249110
52,53,623.0,1.3354735152487962,431.53611556982344,81.26484751203853,22.428524130824794,357.0,5426328
53,54,144.0,1.5416666666666667,429.59722222222223,138.3125,12.95128030035849,131.0,2826116
54,55,370.0,1.4378378378378378,438.1216216216216,139.11621621621623,17.26026716468179,265.0,5404967
55,56,17.0,0.17647058823529413,433.52941176470586,91.17647058823529,6.866353789532396,17.0,145493
56,57,3419.0,6.144194208832992,438.77303305059957,199.85375840889148,29.434103619936938,1193.0,13219244
57,58,338.0,2.106508875739645,448.44970414201185,149.03846153846155,14.42210310135475,348.0,8394761
58,59,658.0,3.7613981762917934,454.6580547112462,224.0273556231003,18.873616261883384,445.0,8588925
59,60,672.0,3.7351190476190474,114.30357142857143,46.089285714285715,17.761434432051523,422.0,3933675
60,61,438.0,3.4178082191780823,129.37671232876713,69.01826484018265,13.867383209439234,337.0,2436081
61,62,530.0,3.4037735849056605,134.2943396226415,50.16603773584906,15.668320379010828,358.0,1405444
62,63,572.0,3.730769230769231,143.506993006993,13.017482517482517,17.95755394152487,363.0,4221145
63,64,59.0,2.5084745762711864,141.10169491525423,16.152542372881356,11.433833620311491,50.0,163008
64,65,1018.0,3.3919449901768175,155.1925343811395,389.34872298624754,24.86137720367862,569.0,20205654
65,66,348.0,2.2385057471264367,162.7155172413793,402.2155172413793,14.435657949069093,146.0,4592575
66,67,409.0,2.0488997555012225,168.4645476772616,51.437652811735944,15.585826339599535,302.0,4617960
67,68,473.0,3.66384778012685,168.3276955602537,344.5200845665962,15.611262765003689,322.0,10772065
68,69,286.0,2.6153846153846154,169.23776223776224,395.7167832167832,14.080040676997532,169.0,4172013
69,70,278.0,3.226618705035971,171.9388489208633,26.18705035971223,11.796891710690439,235.0,6663283
70,71,640.0,4.209375,178.7484375,316.7578125,18.80483655834499,336.0,10597721
71,72,563.0,4.621669626998224,179.5222024866785,433.3339253996448,19.083013580006707,426.0,11783338
72,73,147.0,1.6938775510204083,187.82993197278913,433.5578231292517,11.35538203207857,154.0,3090350
73,74,747.0,2.749665327978581,201.12985274431057,56.05622489959839,19.41702595067149,457.0,6458627
74,75,417.0,3.062350119904077,198.55635491606714,42.78657074340528,14.975747431091202,297.0,3795261
75,76,33.0,2.696969696969697,197.54545454545453,48.09090909090909,6.950000225613227,22.0,229278
76,77,62.0,2.403225806451613,193.8548387096774,2.2903225806451615,12.650521258962238,98.0,3246631
77,78,39.0,1.8717948717948718,199.05128205128204,415.02564102564105,12.949900041774605,85.0,2467091
78,79,192.0,1.6666666666666667,206.15104166666666,391.2864583333333,13.970485511604952,221.0,404128
79,80,591.0,3.4348561759729273,208.8663282571912,32.8663282571912,18.274704424664485,398.0,8551385
80,81,52.0,2.4038461538461537,205.8846153846154,343.63461538461536,10.029274924504005,87.0,3060685
81,82,445.0,2.002247191011236,216.12359550561797,345.31011235955054,16.011147894402853,253.0,8416565
82,83,429.0,2.5244755244755246,210.7972027972028,411.42657342657344,20.38645135074834,322.0,11211112
83,84,1271.0,5.201416207710464,219.8473642800944,40.44295830055075,17.531986495001874,651.0,9210182
84,85,402.0,2.8358208955223883,220.5820895522388,66.76119402985074,13.50006669469439,265.0,6196687
85,86,140.0,2.3,220.96428571428572,94.69285714285714,11.631295704097655,178.0,4447157
86,87,401.0,2.3017456359102244,228.95261845386534,62.01246882793018,16.667791873886152,263.0,7992821
87,88,507.0,2.4516765285996054,237.2465483234714,369.93293885601577,15.502497907559851,320.0,8953833
88,89,847.0,4.396694214876033,239.8595041322314,23.191263282172372,17.803722798519892,611.0,11868474
89,90,1331.0,4.211119459053343,247.9053343350864,56.25394440270473,21.671059898533777,761.0,23973617
90,91,221.0,3.0452488687782804,239.47963800904978,382.09502262443436,13.562082602184569,207.0,1778205
91,92,310.0,8.209677419354838,240.61935483870968,33.174193548387095,13.028844421802727,315.0,5215911
92,93,235.0,2.323404255319149,247.4255319148936,33.82553191489362,14.863827452296707,174.0,6431950
93,94,75.0,1.52,252.22666666666666,378.70666666666665,10.148402308785563,113.0,2446458
94,95,414.0,2.0,258.14009661835746,439.8768115942029,21.536815479847544,264.0,6119687
95,96,63.0,2.3015873015873014,256.3492063492063,321.25396825396825,7.3887858562273365,119.0,3877302
96,97,371.0,2.142857142857143,268.7897574123989,291.19946091644204,13.808109755015384,209.0,3939632
97,98,669.0,3.4499252615844545,272.1031390134529,78.44992526158445,22.72602850068127,507.0,16272882
98,99,75.0,2.1733333333333333,270.49333333333334,353.41333333333336,8.67970927791694,126.0,1242741
99,100,46.0,1.673913043478261,273.69565217391306,242.3695652173913,8.598131968288667,84.0,464291
100,101,250.0,2.128,277.104,368.528,14.294343500067145,217.0,6162528
101,102,131.0,2.3435114503816794,278.1297709923664,284.6564885496183,11.482624216652436,144.0,3703556
102,103,266.0,4.184210526315789,269.87593984962405,283.2631578947368,12.831552984971605,238.0,4738075
103,104,291.0,3.0652920962199315,277.37113402061857,437.79037800687286,13.8975534141318,254.0,3618307
104,105,393.0,2.6055979643765905,285.38676844783714,58.55470737913486,17.87101073669659,371.0,11991843
105,106,356.0,3.654494382022472,286.42977528089887,243.93258426966293,15.055003920027268,358.0,6090843
106,107,434.0,1.7695852534562213,295.80645161290323,418.6520737327189,17.448019196141658,236.0,5440864
107,108,257.0,2.972762645914397,285.0933852140078,461.02334630350197,15.93917771789553,262.0,6055364
108,109,191.0,1.4921465968586387,297.35078534031413,343.09424083769636,16.174687828275175,159.0,1684471
109,110,205.0,2.1170731707317074,302.30731707317074,307.35121951219514,13.705534116775308,209.0,4452789
110,111,17.0,3.9411764705882355,302.29411764705884,47.588235294117645,9.231012387720195,21.0,988637
111,112,19.0,2.0526315789473686,304.10526315789474,49.36842105263158,6.827774510924672,7.0,300293
112,113,102.0,2.196078431372549,306.7647058823529,372.19607843137254,10.101460591474039,103.0,3527571
113,114,498.0,2.997991967871486,309.6586345381526,135.08634538152612,22.717065952831923,191.0,5025743
114,115,497.0,2.7706237424547284,317.1327967806841,141.01006036217305,20.06635052725821,369.0,9038723
115,116,140.0,2.3714285714285714,337.2214285714286,417.25,11.520001624363116,184.0,7755802
116,117,1312.0,3.3269817073170733,353.0274390243902,82.23323170731707,25.013119636849474,630.0,9005504
117,118,78.0,2.448717948717949,351.35897435897436,427.8333333333333,9.384983185508393,132.0,3506147
118,119,51.0,2.5098039215686274,355.7647058823529,72.86274509803921,10.948713178954668,47.0,625742
119,120,612.0,3.831699346405229,360.2875816993464,265.29901960784315,14.899050417931841,397.0,1786835
120,121,435.0,4.022988505747127,365.53333333333336,82.32183908045977,16.90156262626961,236.0,4808495
121,122,450.0,3.5755555555555554,372.59555555555556,29.20888888888889,17.934343906807285,401.0,5691242
122,123,335.0,2.5044776119402985,380.5970149253731,47.644776119402984,20.526729047963446,323.0,7830479
123,124,615.0,4.177235772357723,384.08455284552844,269.26178861788617,17.842792410112523,374.0,1965699
124,125,119.0,1.0672268907563025,399.0924369747899,90.89915966386555,22.900098842732547,68.0,2995841
125,126,257.0,2.0700389105058368,401.9182879377432,85.28015564202335,17.462105668932345,219.0,5440163
126,127,584.0,4.390410958904109,397.3493150684931,282.17294520547944,16.248086316587024,404.0,2093790
127,128,167.0,2.143712574850299,400.19161676646706,50.70059880239521,12.322469935457173,175.0,2128918
128,129,400.0,4.105,402.3,61.3575,16.93025094048102,289.0,3897101
129,130,708.0,3.501412429378531,416.3008474576271,152.3135593220339,20.696502260633476,537.0,13930834
130,131,116.0,2.189655172413793,419.4396551724138,55.077586206896555,16.911180359024456,156.0,2050001
131,132,966.0,3.70703933747412,425.67391304347825,45.30434782608695,20.038397558165457,642.0,9356106
132,133,797.0,3.3488080301129233,427.0250941028858,104.16687578419072,18.82213715366426,387.0,7360806
133,134,403.0,3.0471464019851116,422.9925558312655,115.65260545905707,15.82858441847615,228.0,5327616
134,135,47.0,2.6382978723404253,436.4255319148936,119.7872340425532,7.514714315808155,94.0,2641982
135,136,459.0,3.899782135076253,442.42919389978215,216.0239651416122,13.49884852962121,275.0,3370272
136,137,458.0,3.072052401746725,445.8973799126638,90.92794759825327,16.285140721650855,321.0,5821371
137,138,586.0,4.040955631399317,453.06825938566556,92.20307167235495,23.04904670732851,359.0,5717982
138,139,65.0,1.9230769230769231,460.2307692307692,144.55384615384617,9.358455647191738,120.0,2514782
139,140,673.0,4.210995542347697,118.70876671619614,6.237741456166419,16.1530350380132,384.0,3013684
140,141,82.0,3.6951219512195124,135.26829268292684,1.8170731707317074,10.87369684293064,136.0,2732078
141,142,643.0,4.432348367029549,137.4665629860031,25.653188180404353,16.55402428066277,374.0,1786657
142,143,71.0,2.5211267605633805,160.66197183098592,1.4647887323943662,12.469238676312413,73.0,1610751
143,144,210.0,2.942857142857143,163.31428571428572,366.43333333333334,15.586863838473713,217.0,8789514
144,145,553.0,4.61121157323689,165.03074141048825,70.47920433996383,16.70626471748847,372.0,5824202
145,146,946.0,8.921775898520085,172.67336152219872,319.51057082452434,22.501793671269827,404.0,9547844
146,147,170.0,3.4058823529411764,177.6235294117647,11.905882352941177,11.979783726202422,208.0,5007067
147,148,258.0,4.011627906976744,177.51937984496124,40.51937984496124,12.121365767939407,256.0,5179358
148,149,384.0,3.4947916666666665,183.24479166666666,25.161458333333332,16.33492543503652,270.0,5959611
149,150,477.0,5.538784067085954,181.77148846960168,105.77568134171908,15.41800264398047,285.0,5811069
150,151,89.0,2.606741573033708,198.19101123595505,354.75280898876406,10.903069214609598,124.0,2724492
151,152,60.0,3.45,201.75,408.6166666666667,12.97790719618733,81.0,2889586
152,153,366.0,3.7131147540983607,208.15573770491804,95.90983606557377,13.37847466409378,318.0,7289311
153,154,164.0,2.9207317073170733,206.3170731707317,249.16463414634146,11.896074492296867,191.0,210706
154,155,57.0,2.824561403508772,207.03508771929825,363.2631578947368,10.044999182334138,114.0,4156017
155,156,178.0,3.567415730337079,216.03932584269663,366.6011235955056,14.649459142025446,176.0,7588845
156,157,223.0,2.5381165919282513,229.6457399103139,32.426008968609864,14.582484010665292,129.0,3981786
157,158,198.0,3.085858585858586,230.7020202020202,47.464646464646464,12.771375525736088,190.0,6547175
158,159,65.0,3.6615384615384614,230.07692307692307,313.67692307692306,11.256137474921939,56.0,1322363
159,160,107.0,3.869158878504673,230.2336448598131,320.01869158878503,9.4736523842489,118.0,2951466
160,161,90.0,3.7,225.82222222222222,421.2888888888889,11.835632285351917,201.0,3333732
161,162,213.0,3.4413145539906105,233.95305164319248,348.8075117370892,13.947996389646667,283.0,5931097
162,163,75.0,5.28,235.64,22.36,12.825516957365753,113.0,2252504
163,164,85.0,3.3411764705882354,241.85882352941175,282.77647058823527,12.85798587492271,153.0,3564452
164,165,271.0,3.3136531365313653,244.55719557195573,230.02214022140222,16.056205422737648,248.0,381059
165,166,259.0,6.196911196911197,256.6718146718147,25.996138996138995,12.315449661998827,366.0,7687257
166,167,166.0,2.6626506024096384,260.6686746987952,334.59638554216866,16.07139831514303,230.0,6291522
167,168,117.0,3.247863247863248,262.5982905982906,9.376068376068377,11.895793874738766,150.0,2852236
168,169,205.0,3.6390243902439026,269.2780487804878,18.790243902439023,13.208113823831214,246.0,6858728
169,170,408.0,3.468137254901961,274.34313725490193,3.8137254901960786,15.489399323214721,209.0,4962994
170,171,178.0,2.6179775280898876,274.1179775280899,448.7752808988764,12.400497359657196,189.0,5312292
171,172,142.0,3.5492957746478875,269.4788732394366,142.42957746478874,14.274088281762134,169.0,5592679
172,173,193.0,3.8911917098445596,276.96891191709847,125.85492227979275,12.747746340181854,209.0,6082085
173,174,1244.0,6.589228295819936,283.11414790996787,163.36816720257235,27.661757733880403,644.0,15342599
174,175,125.0,2.472,284.912,123.04,11.268354109936507,123.0,4800623
175,176,259.0,3.370656370656371,282.18532818532816,92.91505791505791,17.892966509912164,229.0,5869914
176,177,77.0,3.4285714285714284,292.23376623376623,2.6623376623376624,10.087469489204356,109.0,3229776
177,178,118.0,2.5762711864406778,293.6525423728813,444.8728813559322,14.626149416380835,117.0,1112317
178,179,615.0,5.359349593495935,293.3707317073171,160.46666666666667,14.776432277953123,315.0,7079902
179,180,343.0,3.282798833819242,297.39650145772595,82.44314868804665,16.488969910868565,269.0,8174083
180,181,158.0,2.8797468354430378,299.6455696202532,443.60759493670884,17.275184501842958,224.0,1616991
181,182,420.0,3.2857142857142856,307.1333333333333,391.32142857142856,17.190193587268574,365.0,4479962
182,183,94.0,2.8085106382978724,305.25531914893617,457.56382978723406,12.262297641128933,179.0,1963402
183,184,299.0,4.11371237458194,306.18060200668896,364.9364548494983,14.020760804165866,286.0,3206166
184,185,110.0,3.081818181818182,318.42727272727274,371.93636363636364,8.58020666819574,141.0,2395607
185,186,49.0,2.204081632653061,325.7959183673469,107.18367346938776,10.430374590943915,84.0,1902879
186,187,385.0,3.7324675324675325,328.2909090909091,119.18181818181819,21.247778244478177,323.0,10279475
187,188,274.0,3.5547445255474455,330.3029197080292,350.57664233576645,15.529979933725187,323.0,4814328
188,189,185.0,2.4324324324324325,340.0486486486486,97.5945945945946,14.938280211177785,110.0,2433397
189,190,140.0,3.3785714285714286,336.4428571428571,101.95714285714286,17.60227849332154,130.0,3508099
190,191,566.0,4.478798586572438,340.9328621908127,126.69257950530036,14.324001139423455,274.0,5568098
191,192,50.0,3.28,337.56,79.74,9.015066199253743,114.0,1775966
192,193,891.0,6.139169472502806,345.05162738496074,104.65095398428731,16.86667139514301,537.0,7898218
193,194,428.0,4.481308411214953,346.4859813084112,265.64018691588785,17.013186543028063,318.0,3602250
194,195,27.0,2.888888888888889,361.9259259259259,83.55555555555556,10.213481328346882,20.0,536182
195,196,321.0,3.850467289719626,374.9626168224299,112.24922118380063,16.132243384075398,237.0,9509623
196,197,102.0,4.303921568627451,373.9117647058824,96.03921568627452,11.074941563335425,175.0,3437336
197,198,55.0,2.309090909090909,386.6545454545454,111.54545454545455,8.692535478215426,90.0,2379155
198,199,2220.0,6.753603603603604,389.5486486486486,203.7518018018018,31.46404554765611,1134.0,16851389
199,200,225.0,4.3244444444444445,406.3466666666667,160.72444444444446,11.589755964674671,295.0,7146652
200,201,246.0,3.4065040650406506,409.3943089430894,231.58130081300814,11.858782226052066,250.0,3937415
201,202,451.0,3.9689578713968956,418.23946784922396,19.350332594235034,16.297324921693587,304.0,4718467
202,203,218.0,4.073394495412844,416.7798165137615,108.81651376146789,12.73419676232211,157.0,5386369
203,204,88.0,3.522727272727273,427.5113636363636,154.125,10.64382533409776,109.0,2403764
204,205,277.0,3.5703971119133575,438.2093862815884,101.25992779783394,15.004308892030087,246.0,5040354
205,206,134.0,2.9925373134328357,438.15671641791045,165.12686567164178,17.54527977847913,217.0,4819253
206,207,336.0,3.3482142857142856,453.4672619047619,177.29761904761904,15.619475137333552,285.0,7736171
207,208,475.0,4.423157894736842,450.7031578947368,235.34526315789475,16.191654985992926,274.0,5784326
208,209,409.0,4.114914425427873,455.52567237163817,136.0757946210269,17.751871223647214,415.0,9746736
209,210,141.0,4.872340425531915,456.0851063829787,159.34751773049646,14.060485752548528,303.0,7539516
210,211,898.0,5.041202672605791,471.0467706013363,180.12360801781736,16.07214942387345,643.0,14029444
211,212,870.0,6.559770114942529,465.167816091954,80.15172413793104,19.250869444597555,642.0,9578330
212,213,694.0,5.955331412103747,94.31700288184437,2.5518731988472623,27.214616485664365,413.0,3467413
213,214,440.0,4.6477272727272725,112.25909090909092,79.37045454545455,14.313894690004554,310.0,2856448
214,215,733.0,5.381991814461118,128.94952251023193,88.07776261937244,16.322884571025234,445.0,3037101
215,216,449.0,5.155902004454343,140.33853006681514,80.19599109131403,16.126808526819108,350.0,1969771
216,217,153.0,4.470588235294118,154.94117647058823,342.562091503268,11.264187193876655,129.0,5359153
217,218,828.0,6.416666666666667,168.55555555555554,100.61835748792271,17.07638259339649,452.0,4375285
218,219,3114.0,9.676300578034683,164.63134232498393,325.97591522157995,26.428953275248197,853.0,12549921
219,220,48.0,3.4166666666666665,174.0625,66.29166666666667,7.455732492924178,74.0,2090638
220,221,2237.0,9.64774251229325,176.94233348234243,113.05185516316496,26.358626117983476,975.0,11145460
221,222,50.0,4.38,188.56,115.62,9.052211464326467,59.0,1475288
222,223,250.0,3.948,198.048,326.512,14.444335239633938,269.0,10718851
223,224,172.0,4.191860465116279,194.9825581395349,343.23837209302326,14.75467647546799,196.0,4403097
224,225,34.0,3.735294117647059,194.6764705882353,12.088235294117647,7.3276821362816,65.0,1720363
225,226,183.0,4.420765027322404,196.47540983606558,399.62295081967216,12.576320544590821,189.0,4281569
226,227,179.0,3.631284916201117,201.55307262569832,428.6927374301676,13.141350117686143,189.0,5965417
227,228,89.0,3.932584269662921,203.1011235955056,112.1685393258427,8.238853563084977,136.0,4682580
228,229,305.0,4.872131147540983,211.01311475409835,400.3704918032787,14.04231528181759,224.0,5261617
229,230,83.0,4.024096385542169,211.56626506024097,448.7469879518072,11.860567918710872,143.0,5872841
230,231,266.0,5.026315789473684,211.64285714285714,381.3233082706767,13.819957273258481,238.0,4734770
231,232,240.0,5.095833333333333,221.33333333333334,80.58333333333333,12.291405841911082,256.0,4419940
232,233,259.0,4.899613899613899,227.56370656370657,286.2277992277992,15.498177586583536,256.0,6825272
233,234,390.0,5.012820512820513,242.37692307692308,75.67692307692307,18.81522291801695,391.0,14605259
234,235,89.0,4.224719101123595,241.46067415730337,113.97752808988764,10.812724229576187,150.0,3217126
235,236,283.0,4.5477031802120145,241.5053003533569,148.81625441696113,14.754647346765701,238.0,9687282
236,237,276.0,4.2644927536231885,246.3768115942029,126.14492753623189,15.980018293262095,223.0,7769617
237,238,233.0,5.309012875536481,252.39914163090128,106.27896995708154,12.958974472293367,311.0,8196513
238,239,298.0,3.815436241610738,254.41275167785236,448.21140939597313,20.998749885470055,182.0,6609364
239,240,274.0,5.200729927007299,257.2810218978102,90.9014598540146,15.11350782652362,287.0,8270406
240,241,157.0,4.509554140127388,255.5031847133758,138.81528662420382,15.31739454804196,157.0,4797955
241,242,231.0,4.805194805194805,264.53246753246754,104.02597402597402,19.32055453179301,351.0,4743399
242,243,177.0,4.491525423728813,260.1977401129943,454.774011299435,17.390992902346287,215.0,7670675
243,244,132.0,4.96969696969697,276.9015151515151,59.21969696969697,12.34246579108978,198.0,7663734
244,245,99.0,3.808080808080808,282.1010101010101,136.0909090909091,8.818720773014872,148.0,5055487
245,246,149.0,4.3624161073825505,282.28859060402687,149.80536912751677,14.999718575901012,143.0,4552024
246,247,369.0,5.514905149051491,287.8048780487805,505.12737127371275,14.035654956851738,302.0,6121164
247,248,40.0,3.1,284.4,75.075,7.601989890137722,68.0,2594532
248,249,335.0,4.6,296.9850746268657,507.0089552238806,22.83230872124417,183.0,3232686
249,250,706.0,5.757790368271955,302.10481586402267,104.37252124645893,18.845038290524712,534.0,13842014
250,251,61.0,4.065573770491803,300.8360655737705,67.80327868852459,9.416145728023478,121.0,4481483
251,252,280.0,3.9785714285714286,312.1535714285714,82.28571428571429,15.999209370806236,218.0,7165574
252,253,430.0,4.732558139534884,314.45116279069765,94.07441860465116,15.96842849819677,284.0,12873392
253,254,34.0,4.705882352941177,314.0882352941176,48.38235294117647,8.043906688296104,34.0,1485595
254,255,55.0,4.363636363636363,312.09090909090907,275.94545454545454,7.250763879193739,112.0,1611251
255,256,51.0,4.333333333333333,321.29411764705884,474.80392156862746,7.768544406527872,111.0,1940128
256,257,96.0,3.8333333333333335,326.4895833333333,254.55208333333334,12.391434429593009,164.0,3224132
257,258,198.0,3.4696969696969697,333.8030303030303,68.06565656565657,15.495586243197177,181.0,4352029
258,259,298.0,5.389261744966443,333.8489932885906,129.7013422818792,15.582020985302401,182.0,4219855
259,260,144.0,5.888888888888889,346.3263888888889,1.6041666666666667,10.671490468310113,88.0,1667345
260,261,739.0,9.327469553450609,337.18673883626525,3.2246278755074425,19.13797771877632,450.0,9874058
261,262,35.0,3.4857142857142858,348.1714285714286,95.42857142857143,9.517093167391177,39.0,572815
262,263,68.0,3.9558823529411766,350.05882352941177,470.1764705882353,14.158423250938538,98.0,1169161
263,264,74.0,4.297297297297297,351.8918918918919,404.3783783783784,9.108744207631775,144.0,4369152
264,265,208.0,4.3076923076923075,358.3942307692308,484.27403846153845,13.140173127997114,248.0,5315900
265,266,317.0,4.753943217665615,361.5772870662461,325.0788643533123,15.904364152653114,284.0,1520631
266,267,372.0,4.575268817204301,366.2930107526882,302.5268817204301,16.048833308084408,304.0,4892629
267,268,57.0,3.192982456140351,375.87719298245617,221.0701754385965,13.028333037182124,79.0,1035903
268,269,430.0,4.858139534883721,378.07906976744187,172.3232558139535,16.966850950789134,272.0,4226446
269,270,359.0,4.66016713091922,375.10863509749305,226.47353760445682,21.057774198923482,318.0,3912588
270,271,24.0,5.5,380.625,178.16666666666666,13.275691327643525,48.0,690184
271,272,355.0,4.55774647887324,384.9661971830986,244.30140845070423,16.46929065105708,236.0,2676882
272,273,345.0,8.617391304347827,384.47536231884055,175.5391304347826,17.28610323655909,214.0,4321915
273,274,233.0,4.914163090128755,390.0343347639485,261.9570815450644,13.579060713530664,174.0,2369631
274,275,542.0,4.5664206642066425,395.42435424354244,245.2859778597786,17.24263536866393,255.0,3126354
275,276,208.0,4.399038461538462,395.21153846153845,1.8894230769230769,15.959212157120806,176.0,1742076
276,277,395.0,4.027848101265823,402.6126582278481,123.24810126582278,15.556309663308175,289.0,6938701
277,278,72.0,3.625,414.9861111111111,210.23611111111111,11.467759851507019,120.0,422650
278,279,86.0,3.604651162790698,422.8720930232558,220.22093023255815,9.58950808776752,130.0,893736
279,280,50.0,3.64,428.74,234.14,8.799123588880672,109.0,1551437
280,281,375.0,4.501333333333333,463.0346666666667,126.61866666666667,14.60255116536163,255.0,4616869
281,282,66.0,4.53030303030303,463.3939393939394,110.60606060606061,8.427824372301814,107.0,1397711
282,283,101.0,3.702970297029703,467.33663366336634,153.96039603960395,12.368579862049533,123.0,3830349
283,284,899.0,5.580645161290323,474.4271412680756,130.4749721913237,28.089218039214973,423.0,7503384
284,285,205.0,6.224390243902439,469.2048780487805,142.80975609756098,20.68864808612953,204.0,3163844
285,286,22.0,4.136363636363637,472.3636363636364,139.0909090909091,12.717839772011947,22.0,433392
286,287,377.0,4.363395225464191,480.84880636604777,144.3501326259947,18.508167437040438,188.0,5186222
287,288,574.0,5.101045296167247,481.6254355400697,158.301393728223,15.841994837759385,426.0,15931754
288,289,84.0,4.785714285714286,91.5952380952381,72.96428571428571,8.460385248430008,126.0,162921
289,290,281.0,6.088967971530249,101.40569395017793,18.871886120996443,12.212278515428501,264.0,2896224
290,291,3572.0,12.014837625979844,162.05515117581186,345.0347144456887,35.9557701500762,1569.0,36523584
291,292,746.0,7.329758713136729,161.78418230563003,417.0361930294906,19.517169268453994,521.0,16154139
292,293,163.0,4.901840490797546,163.74233128834356,80.68711656441718,10.911528592274392,141.0,1539877
293,294,23.0,4.0,175.17391304347825,352.4782608695652,9.229247220155669,25.0,685558
294,295,591.0,7.1421319796954315,163.6751269035533,113.63620981387479,16.559236828907935,317.0,3749582
295,296,153.0,5.339869281045751,179.1045751633987,349.7908496732026,12.853649959070069,150.0,3420048
296,297,145.0,4.510344827586207,184.9241379310345,389.77241379310345,11.55696408158923,137.0,3686758
297,298,532.0,5.5,186.5921052631579,121.3157894736842,22.06730207323707,299.0,8545113
298,299,192.0,5.125,185.86979166666666,359.4479166666667,13.119099149291362,206.0,4874667
299,300,251.0,6.964143426294821,184.9203187250996,439.39043824701196,13.936392342989869,255.0,8490451
300,301,121.0,5.429752066115703,195.7520661157025,86.12396694214875,11.941808340309683,186.0,3054956
301,302,153.0,5.241830065359477,231.84313725490196,119.61437908496733,10.959597754950714,211.0,8637621
302,303,59.0,4.220338983050848,241.64406779661016,98.37288135593221,11.092584179742774,90.0,3537686
303,304,332.0,5.975903614457831,253.25301204819277,45.89156626506024,14.086026104271346,226.0,6574458
304,305,175.0,4.577142857142857,255.68,492.1257142857143,14.272766062217048,172.0,4744241
305,306,388.0,5.430412371134021,265.4329896907216,40.902061855670105,14.68554750011566,277.0,12523963
306,307,20.0,4.85,261.85,90.35,5.736864191865705,52.0,1454948
307,308,355.0,6.225352112676056,275.18591549295775,70.49577464788733,13.78885892884198,254.0,8062900
308,309,86.0,4.767441860465116,298.22093023255815,153.90697674418604,9.953954925439618,122.0,3207445
309,310,178.0,5.376404494382022,297.7865168539326,269.9831460674157,13.012862917347775,207.0,3619147
310,311,844.0,7.656398104265403,299.8803317535545,3.5734597156398102,17.84400849008348,499.0,9100402
311,312,148.0,6.608108108108108,302.7364864864865,508.7635135135135,13.483280214295172,108.0,1913271
312,313,649.0,8.916795069337443,310.31895223420645,132.22187981510015,17.27136072349808,572.0,9114304
313,314,35.0,4.571428571428571,327.37142857142857,282.65714285714284,9.280319202058253,84.0,1225781
314,315,355.0,5.48169014084507,349.12112676056336,228.4,17.83056065493141,285.0,4007854
315,316,193.0,5.248704663212435,353.2953367875648,126.05181347150258,15.746612653761074,119.0,2836771
316,317,15.0,4.0,349.6666666666667,224.33333333333334,9.993465690581868,29.0,196500
317,318,257.0,5.4863813229571985,354.6692607003891,10.797665369649806,14.612476049091198,235.0,2782574
318,319,38.0,4.7894736842105265,372.5,127.21052631578948,6.618954364417893,77.0,1306016
319,320,53.0,4.528301886792453,374.20754716981133,323.8490566037736,8.024662100191595,89.0,309663
320,321,416.0,5.009615384615385,387.06971153846155,128.47355769230768,16.921347794101028,290.0,6225036
321,322,616.0,7.326298701298701,383.387987012987,163.0487012987013,19.198652577440562,423.0,14712097
322,323,793.0,8.015132408575031,391.5409836065574,174.74653215636823,21.287453940746474,477.0,12231953
323,324,80.0,4.3625,393.7875,164.025,12.48680843429621,104.0,3195572
324,325,271.0,5.782287822878229,399.2952029520295,214.27306273062732,15.682030327730795,167.0,2114643
325,326,152.0,5.427631578947368,423.17763157894734,248.97368421052633,12.029991017082889,171.0,5984075
326,327,118.0,4.491525423728813,435.771186440678,256.8898305084746,10.477417158605245,114.0,2552902
327,328,20.0,4.3,443.8,43.8,4.901869358341388,59.0,632936
328,329,335.0,5.749253731343283,443.8537313432836,54.95522388059702,14.59042831234219,285.0,3825114
329,330,295.0,5.8,442.13898305084746,178.87118644067797,15.959068896746372,237.0,6069927
330,331,29.0,5.448275862068965,460.6896551724138,135.06896551724137,9.631307778647862,30.0,406369
331,332,668.0,8.540419161676647,140.9011976047904,97.50299401197604,19.421966363764756,464.0,3281767
332,333,166.0,6.114457831325301,166.8855421686747,380.8614457831325,14.264957126845799,200.0,3539970
333,334,944.0,8.109110169491526,179.18114406779662,127.96927966101696,25.97889046084295,407.0,7785410
334,335,35.0,5.942857142857143,186.2,310.42857142857144,10.398394411292838,43.0,1774907
335,336,859.0,7.9953434225844005,191.72759022118743,136.0162980209546,21.48270086431769,464.0,11065518
336,337,341.0,6.269794721407624,211.158357771261,135.87683284457478,13.950604296084537,240.0,5212628
337,338,94.0,5.787234042553192,215.9468085106383,150.14893617021278,13.70356253061709,138.0,3463275
338,339,52.0,5.0,230.96153846153845,141.78846153846155,11.206043120761242,54.0,2628669
339,340,398.0,7.982412060301508,231.40954773869348,156.17336683417085,13.362499346957373,391.0,18672857
340,341,60.0,5.35,255.81666666666666,69.16666666666667,10.741006743509782,91.0,2843076
341,342,712.0,7.38623595505618,258.30477528089887,153.2191011235955,15.919322015421175,504.0,21847877
342,343,269.0,8.423791821561338,260.728624535316,44.92936802973978,14.126104575638252,226.0,7133447
343,344,183.0,6.715846994535519,265.4590163934426,59.69945355191257,14.886375238257905,235.0,7020132
344,345,319.0,7.391849529780564,274.846394984326,30.344827586206897,14.682901015274068,413.0,13565229
345,346,77.0,5.636363636363637,275.53246753246754,509.0,9.320948811135535,93.0,2593221
346,347,332.0,6.924698795180723,278.46084337349396,453.5301204819277,17.966608778036225,408.0,5260468
347,348,1271.0,10.025963808025177,278.5200629425649,8.18882769472856,16.572833751961063,791.0,11618492
348,349,20.0,7.1,283.35,454.55,7.255537598788559,19.0,298774
349,350,289.0,7.0657439446366785,295.55709342560556,495.6712802768166,15.079330051883138,284.0,5017597
350,351,232.0,6.827586206896552,298.4051724137931,30.262931034482758,15.293751388815753,159.0,5712615
351,352,866.0,8.73094688221709,313.16281755196303,18.46997690531178,19.025327103729417,627.0,16307762
352,353,228.0,6.0131578947368425,323.10526315789474,76.1359649122807,15.03056627911825,238.0,5002290
353,354,664.0,7.837349397590361,327.75753012048193,90.03313253012048,18.90522189310593,497.0,8484166
354,355,418.0,7.6650717703349285,333.11483253588517,233.42583732057417,19.34040317024722,447.0,7571752
355,356,248.0,6.076612903225806,345.38709677419354,494.1653225806452,13.843483387428751,263.0,2507507
356,357,189.0,7.0,346.23280423280426,135.8783068783069,13.821130258809436,195.0,4984381
357,358,2624.0,10.339176829268293,343.2942073170732,212.5971798780488,25.51400482644984,1189.0,21413638
358,359,411.0,10.489051094890511,346.74695863746956,10.501216545012165,14.184079138281751,285.0,6013876
359,360,48.0,6.604166666666667,348.8125,9.5,11.621499979400914,34.0,743993
360,361,87.0,5.183908045977011,355.8965517241379,476.264367816092,16.199043908970435,130.0,1550449
361,362,850.0,8.168235294117647,356.61058823529413,56.99176470588235,19.34316883012372,598.0,6996644
362,363,270.0,6.781481481481482,363.3259259259259,129.92962962962963,15.945067003818796,212.0,6881422
363,364,467.0,7.556745182012848,393.02141327623127,448.6830835117773,13.747103637865818,462.0,5105183
364,365,1041.0,8.165225744476466,426.8146013448607,186.41882804995197,24.492666331851684,590.0,7846021
365,366,512.0,7.15234375,435.66796875,6.169921875,15.62894175593987,366.0,2611347
366,367,144.0,5.763888888888889,455.5763888888889,49.94444444444444,13.419846013320013,204.0,2985319
367,368,1253.0,9.576217079010375,466.56664006384676,57.919393455706306,19.249649666445432,810.0,8475975
368,369,148.0,6.837837837837838,474.0878378378378,161.70945945945945,13.650550223902783,173.0,5665002
369,370,982.0,8.628309572301426,477.66802443991855,117.98268839103869,19.646748897510392,465.0,4345851
370,371,727.0,7.456671251719395,489.79917469050895,142.73177441540577,18.62885091306128,368.0,5039233
371,372,319.0,6.893416927899686,491.5485893416928,168.84952978056427,17.4532868337437,359.0,6560130
372,373,308.0,7.253246753246753,151.16883116883116,376.96753246753246,17.151170606621562,256.0,5747985
373,374,96.0,7.916666666666667,155.64583333333334,383.3125,15.98186090527394,144.0,2627293
374,375,2086.0,11.824065196548418,166.22243528283798,139.3830297219559,30.160971933089908,817.0,10994717
375,376,58.0,6.310344827586207,173.41379310344828,134.44827586206895,11.27199870230995,50.0,724761
376,377,164.0,7.7317073170731705,173.0487804878049,139.3658536585366,11.32392850955102,104.0,2567079
377,378,43.0,6.8604651162790695,196.90697674418604,435.5581395348837,10.938283279685075,98.0,2067521
378,379,133.0,6.69172932330827,203.95488721804512,150.17293233082708,10.590403124687953,165.0,5611444
379,380,820.0,9.157317073170733,207.6219512195122,441.98048780487807,25.101606900413746,529.0,13582098
380,381,32.0,6.0625,219.4375,121.3125,10.398766035713933,74.0,1779474
381,382,92.0,6.630434782608695,230.3695652173913,99.42391304347827,11.413624461007661,105.0,4475283
382,383,166.0,8.27710843373494,248.03012048192772,20.301204819277107,10.236534591791933,235.0,3093693
383,384,292.0,7.972602739726027,256.1404109589041,262.3835616438356,13.15793282276972,243.0,2188241
384,385,192.0,8.427083333333334,262.0416666666667,68.80208333333333,12.935104327092295,266.0,7378727
385,386,179.0,7.553072625698324,269.44692737430165,167.21787709497207,14.694690786319894,139.0,4343973
386,387,192.0,6.520833333333333,281.4270833333333,266.9270833333333,14.20629633305496,179.0,2071105
387,388,157.0,7.337579617834395,286.343949044586,136.17834394904457,11.77218785211206,180.0,4253811
388,389,30.0,7.2,289.6333333333333,108.1,5.754330389466871,88.0,1205429
389,390,134.0,7.664179104477612,295.8134328358209,151.06716417910448,13.272283836294784,164.0,5098664
390,391,595.0,10.732773109243697,294.5764705882353,501.1932773109244,16.689636833032093,458.0,4528508
391,392,1170.0,9.297435897435898,310.46068376068376,191.0017094017094,32.24712557382892,566.0,17775670
392,393,127.0,6.889763779527559,308.18897637795277,475.62204724409446,13.38323329076709,160.0,4965844
393,394,194.0,7.556701030927835,310.7216494845361,240.3556701030928,12.220741427739021,216.0,2975524
394,395,157.0,6.719745222929936,314.4777070063694,67.9171974522293,14.97882126476623,202.0,4923355
395,396,913.0,8.265060240963855,322.2869660460022,198.08871851040524,22.48414945731527,325.0,8150907
396,397,124.0,7.967741935483871,312.5,481.1290322580645,13.59528815805334,179.0,4196726
397,398,1104.0,8.36231884057971,330.17119565217394,192.2518115942029,23.635295358443123,354.0,8373684
398,399,135.0,7.185185185185185,325.9185185185185,134.8148148148148,14.63383616045093,190.0,3754935
399,400,157.0,7.426751592356688,335.2611464968153,109.57961783439491,17.150819268053606,192.0,2452759
400,401,762.0,10.799212598425196,333.6377952755906,156.96587926509187,23.53110136626089,662.0,15574672
401,402,182.0,7.6208791208791204,337.96153846153845,65.54945054945055,16.375322151028463,249.0,3843834
402,403,27.0,6.222222222222222,352.18518518518516,129.62962962962962,10.560424075866766,40.0,858744
403,404,2141.0,10.625408687529191,343.29238673517045,176.24287716020552,27.837737565126524,600.0,12537016
404,405,296.0,8.591216216216216,352.6689189189189,483.0168918918919,13.703740809881069,302.0,3709565
405,406,407.0,7.577395577395578,364.9312039312039,191.97542997543,13.998184301888662,375.0,5614042
406,407,509.0,8.540275049115914,364.57760314341846,120.1827111984283,21.57967382061181,486.0,6291007
407,408,554.0,8.467509025270758,412.34837545126356,162.67870036101084,16.824092035286988,368.0,5727452
408,409,95.0,7.3052631578947365,433.18947368421055,270.3578947368421,14.855137149980214,196.0,1851176
409,410,109.0,6.770642201834862,467.0091743119266,167.27522935779817,11.345945367483441,148.0,1869986
410,411,54.0,6.351851851851852,474.75925925925924,219.85185185185185,7.882553320054211,84.0,1315388
411,412,789.0,10.835234474017744,483.2813688212928,136.75158428390367,17.18203927369871,422.0,5121572
412,413,180.0,7.3277777777777775,484.6611111111111,186.7111111111111,11.169947444617781,229.0,6764923
413,414,176.0,8.346590909090908,87.0965909090909,15.215909090909092,15.778722632756809,234.0,2090387
414,415,78.0,7.82051282051282,119.84615384615384,94.53846153846153,10.867587688804626,127.0,1165601
415,416,196.0,8.39795918367347,150.98979591836735,409.09183673469386,13.9523709997654,230.0,11040366
416,417,469.0,9.49040511727079,153.38379530916845,423.8272921108742,13.548209440258194,299.0,8099001
417,418,304.0,8.427631578947368,162.49671052631578,429.13486842105266,14.19784609333932,196.0,5468781
418,419,92.0,8.543478260869565,165.9673913043478,298.92391304347825,11.111644196950206,156.0,134325
419,420,44.0,7.204545454545454,175.54545454545453,145.79545454545453,12.894101766502857,19.0,524725
420,421,175.0,8.051428571428572,172.61714285714285,151.76,14.362233568523134,105.0,2421895
421,422,244.0,8.008196721311476,184.95901639344262,408.0655737704918,18.948783918559467,249.0,2397923
422,423,219.0,8.255707762557078,185.78995433789953,386.013698630137,16.557911760525972,197.0,4619952
423,424,881.0,10.32122587968218,189.6049943246311,155.16912599318957,16.181586190446993,501.0,14760437
424,425,110.0,7.418181818181818,199.4909090909091,125.18181818181819,12.550373897071404,120.0,3718991
425,426,424.0,9.05188679245283,200.64858490566039,101.4127358490566,12.868368462775098,354.0,4386024
426,427,215.0,9.925581395348837,195.5581395348837,142.93023255813952,15.884636987451573,177.0,5151980
427,428,52.0,8.365384615384615,208.65384615384616,113.0,8.372291255359093,109.0,3793829
428,429,87.0,7.7701149425287355,219.01149425287358,104.29885057471265,8.341078194401424,120.0,5351886
429,430,185.0,8.297297297297296,229.66486486486485,113.64864864864865,14.376707739674837,242.0,3959523
430,431,161.0,8.84472049689441,230.527950310559,133.6273291925466,16.064515295905437,223.0,3002899
431,432,113.0,7.451327433628318,242.72566371681415,165.94690265486724,12.385358192708843,116.0,5078672
432,433,91.0,8.703296703296703,243.25274725274724,93.75824175824175,8.931629754698802,163.0,2315282
433,434,957.0,11.864158829676072,250.20689655172413,441.55381400208984,18.676508296478094,684.0,12779674
434,435,24.0,7.041666666666667,254.5,445.125,7.9073730374779965,32.0,1083155
435,436,682.0,10.205278592375366,260.6642228739003,170.13929618768327,23.05715276259105,454.0,14046936
436,437,81.0,8.518518518518519,268.81481481481484,138.01234567901236,11.384848157812597,149.0,2466773
437,438,68.0,7.176470588235294,274.6029411764706,50.955882352941174,11.272510655014184,106.0,4606949
438,439,448.0,8.149553571428571,292.39732142857144,20.5625,24.014994467328293,359.0,13637619
439,440,121.0,8.52892561983471,280.0165289256198,37.03305785123967,10.725809121468963,123.0,5732059
440,441,201.0,8.711442786069652,293.7910447761194,225.10945273631842,16.57308359186339,239.0,5756317
441,442,239.0,8.98326359832636,294.418410041841,208.93723849372384,12.138664670812695,214.0,7235570
442,443,419.0,9.992840095465393,303.8496420047733,25.723150357995227,15.98473015073819,167.0,4249641
443,444,24.0,7.125,309.2083333333333,156.04166666666666,6.833431341695971,59.0,1161762
444,445,323.0,10.126934984520124,321.6625386996904,182.43962848297213,17.68814782341455,114.0,4439314
445,446,390.0,13.171794871794871,317.1897435897436,213.81025641025641,15.88377430769083,379.0,6933257
446,447,18.0,7.888888888888889,322.44444444444446,215.5,7.83505986498571,57.0,1182568
447,448,255.0,8.611764705882353,327.6,32.39607843137255,15.384966135678232,277.0,4476697
448,449,318.0,8.144654088050315,329.9654088050315,13.827044025157234,19.061597129118635,253.0,4493422
449,450,590.0,10.310169491525423,329.6322033898305,176.32203389830508,19.967416207454345,171.0,3300178
450,451,99.0,8.565656565656566,344.7979797979798,509.4040404040404,15.400436445596831,123.0,1727747
451,452,514.0,9.04669260700389,347.3793774319066,154.8988326848249,18.301828783054354,366.0,8774390
452,453,1169.0,11.905047048759624,343.7262617621899,18.80923866552609,17.087125755608927,665.0,12465525
453,454,143.0,10.587412587412587,350.86013986013984,171.3846153846154,12.912214120944443,102.0,2471325
454,455,838.0,11.602625298329356,355.2601431980907,493.53221957040574,16.218644907750214,549.0,9982696
455,456,317.0,8.331230283911673,357.70031545741324,167.53943217665616,15.454626186148655,241.0,4063840
456,457,473.0,8.73784355179704,363.03171247357295,142.48202959830866,23.723902628442456,410.0,12103297
457,458,426.0,9.746478873239436,374.21596244131456,173.66666666666666,17.59374558400235,277.0,7653270
458,459,1093.0,10.817017383348581,415.2625800548948,376.2570905763952,17.46829985067154,709.0,8232972
459,460,129.0,7.4728682170542635,464.8992248062016,268.95348837209303,16.714761372088308,149.0,146145
460,461,168.0,8.18452380952381,468.3690476190476,235.11904761904762,11.326619072332091,215.0,5981765
461,462,591.0,9.549915397631134,474.84263959390864,198.26565143824027,15.661136065721191,453.0,7401348
462,463,408.0,9.522058823529411,481.45588235294116,108.26470588235294,17.993450976779965,318.0,2696378
463,464,304.0,9.674342105263158,484.2993421052632,170.14802631578948,16.526014998601898,340.0,5921758
464,465,623.0,10.30016051364366,76.14446227929373,15.404494382022472,15.988698089948349,411.0,2561040
465,466,1487.0,11.80497646267653,94.47410894418292,78.91930060524547,25.43347361830795,838.0,3778153
466,467,213.0,9.87793427230047,159.56338028169014,356.1924882629108,12.801017868562276,180.0,7447181
467,468,1397.0,12.862562634216177,154.98210450966357,153.15604867573373,21.816860472156794,592.0,6725936
468,469,1425.0,12.823157894736843,159.13894736842104,128.37263157894736,18.932154776127238,515.0,4923525
469,470,367.0,9.773841961852861,167.4059945504087,396.12806539509535,18.774068804767634,265.0,6082976
470,471,962.0,12.926195426195425,164.97297297297297,160.85031185031184,17.804183273371343,432.0,10333469
471,472,606.0,11.942244224422442,170.3151815181518,434.97194719471946,17.327033148446414,390.0,12966672
472,473,1269.0,12.817178881008669,187.34278959810874,427.86130811662724,19.489747230917363,691.0,16448857
473,474,162.0,10.160493827160494,194.33333333333334,120.62345679012346,11.222893410786572,196.0,3495794
474,475,37.0,9.162162162162161,203.64864864864865,157.2972972972973,10.825683734210608,93.0,2681768
475,476,264.0,8.821969696969697,211.45833333333334,128.0189393939394,16.408412760946188,277.0,5024078
476,477,28.0,8.5,221.64285714285714,152.85714285714286,6.132934068237755,46.0,1529415
477,478,1103.0,11.782411604714415,231.2873980054397,473.233907524932,20.222061116975077,806.0,21241281
478,479,22.0,8.727272727272727,223.5909090909091,154.63636363636363,9.006763531356098,24.0,1162726
479,480,18.0,8.055555555555555,227.22222222222223,249.11111111111111,8.275635534426938,50.0,538683
480,481,471.0,9.426751592356688,240.31210191082803,219.1932059447983,17.963336789556283,285.0,3696322
481,482,94.0,9.542553191489361,249.93617021276594,492.8191489361702,13.917174387554125,181.0,2933508
482,483,182.0,10.313186813186814,259.6923076923077,481.5879120879121,14.579868376998016,276.0,5226635
483,484,388.0,11.600515463917526,260.1546391752577,177.65463917525773,22.96220287138462,339.0,8628053
484,485,140.0,8.721428571428572,267.72857142857146,122.73571428571428,11.274477416437973,164.0,1332661
485,486,2280.0,11.907894736842104,276.8456140350877,204.93026315789473,26.129650257450365,900.0,23710507
486,487,305.0,9.718032786885246,281.5245901639344,69.79016393442623,14.677074924353215,306.0,3779490
487,488,48.0,8.041666666666666,285.8958333333333,476.5,12.16446355800324,76.0,3514829
488,489,159.0,8.90566037735849,297.61006289308176,168.1320754716981,13.230447250882934,117.0,5977341
489,490,255.0,9.27843137254902,322.47058823529414,170.10588235294117,14.157739131915742,199.0,7348728
490,491,139.0,11.568345323741006,322.58992805755395,510.32374100719426,13.690542077109635,210.0,2790389
491,492,138.0,10.514492753623188,322.34057971014494,225.91304347826087,16.516422649569858,263.0,5690388
492,493,1415.0,14.465724381625442,333.56749116607773,184.59717314487634,23.811692320636322,368.0,8712442
493,494,251.0,16.270916334661354,329.37450199203187,181.5179282868526,22.467636408160466,115.0,2655453
494,495,535.0,11.768224299065421,353.07850467289717,206.66355140186917,18.07160428792066,323.0,6144411
495,496,180.0,9.027777777777779,363.93333333333334,154.62777777777777,11.152551514822271,164.0,4014596
496,497,623.0,12.380417335473515,358.23113964686996,157.63242375601925,16.567457668307846,489.0,15796674
497,498,392.0,10.801020408163266,387.7015306122449,374.9158163265306,13.498269140359396,353.0,3349869
498,499,32.0,8.125,400.28125,423.4375,8.51012719553641,60.0,1166795
499,500,816.0,13.602941176470589,403.6188725490196,419.5281862745098,20.63069481710037,671.0,9530721
500,501,1185.0,11.126582278481013,408.8506329113924,196.72742616033756,23.159732276234962,704.0,10265677
501,502,162.0,8.925925925925926,414.7962962962963,175.70987654320987,10.889780794137012,164.0,3800485
502,503,99.0,8.969696969696969,419.3636363636364,414.55555555555554,14.625099768079837,173.0,268885
503,504,548.0,10.437956204379562,450.94525547445255,283.3211678832117,16.047151240004116,400.0,4049880
504,505,710.0,13.426760563380281,491.78028169014084,114.77042253521127,21.913653642645215,719.0,6891915
505,506,654.0,11.591743119266056,497.4357798165138,150.18960244648318,17.12550800519372,412.0,4792072
506,507,1532.0,14.086161879895561,77.25848563968668,34.77872062663185,28.26320134011699,888.0,4161954
507,508,532.0,12.176691729323307,162.49624060150376,402.4661654135338,16.121656856898053,303.0,8810146
508,509,29.0,9.586206896551724,173.82758620689654,437.6896551724138,6.307455124567789,21.0,607977
509,510,212.0,9.95754716981132,180.27830188679246,396.5518867924528,12.027872348886714,172.0,3061961
510,511,114.0,10.464912280701755,179.8421052631579,311.7456140350877,10.487021246566052,131.0,4957892
511,512,186.0,12.456989247311828,183.19354838709677,146.83870967741936,14.219169957919455,247.0,4761016
512,513,3627.0,15.93658671078026,191.68706920319823,168.13813068651777,33.58495810010697,1112.0,25349416
513,514,99.0,9.313131313131313,198.91919191919192,374.9191919191919,13.919212783463827,149.0,2545427
514,515,1011.0,12.249258160237389,204.4817012858556,397.34718100890206,25.33204539450756,687.0,14049129
515,516,444.0,12.583333333333334,206.25,427.97522522522524,17.83973191526397,461.0,11290734
516,517,198.0,11.38888888888889,219.6060606060606,108.87878787878788,11.288524273696735,250.0,3858839
517,518,116.0,10.387931034482758,218.2844827586207,154.81896551724137,13.845267473688484,133.0,5330243
518,519,554.0,10.593862815884476,228.43862815884478,219.38628158844764,17.87956888661304,296.0,2669252
519,520,397.0,10.523929471032746,238.01007556675063,174.16372795969772,15.076784810017385,240.0,6594142
520,521,109.0,10.422018348623853,238.0275229357798,110.11926605504587,9.099557516666822,156.0,1559047
521,522,411.0,11.099756690997568,250.91484184914842,222.1800486618005,25.85654061259144,329.0,7345656
522,523,171.0,10.461988304093568,265.2690058479532,470.4561403508772,13.313030550531169,186.0,3821697
523,524,72.0,9.0,262.31944444444446,474.0138888888889,13.723379458784516,64.0,1774880
524,525,546.0,11.538461538461538,267.22161172161174,214.74358974358975,16.2868641395762,151.0,3220732
525,526,406.0,11.46551724137931,271.5591133004926,220.6206896551724,14.995875388573232,204.0,4472708
526,527,129.0,10.224806201550388,290.29457364341084,507.72093023255815,11.985620089003673,111.0,1681572
527,528,3407.0,17.402406809509834,292.53889051951865,229.0264162019372,31.68314601019278,1484.0,26656530
528,529,354.0,11.909604519774012,301.725988700565,149.28248587570621,20.221831609038514,331.0,5165066
529,530,559.0,13.821109123434704,316.4311270125224,177.37924865831843,17.9139854035838,189.0,6250571
530,531,51.0,10.117647058823529,315.88235294117646,228.49019607843138,10.063221652237402,62.0,1153694
531,532,99.0,12.8989898989899,314.979797979798,184.7979797979798,11.97332498585449,59.0,2885130
532,533,708.0,10.90677966101695,328.67937853107344,45.01836158192091,18.774491150775145,476.0,5761791
533,534,345.0,10.76231884057971,335.1072463768116,136.21159420289854,17.011851685956,310.0,4194492
534,535,501.0,12.217564870259482,342.79041916167665,100.86427145708583,17.08880012116129,381.0,4768569
535,536,318.0,11.339622641509434,351.4025157232704,46.63522012578616,14.628710006671527,310.0,4246794
536,537,645.0,13.133333333333333,375.5147286821705,179.584496124031,15.841365106463345,411.0,9170638
537,538,47.0,10.106382978723405,396.4468085106383,442.72340425531917,11.81494620483603,47.0,771257
538,539,396.0,11.128787878787879,412.55808080808083,428.8838383838384,15.288138911968753,382.0,4889580
539,540,644.0,11.307453416149068,436.2282608695652,298.4922360248447,17.20698683169016,466.0,4604827
540,541,744.0,12.08736559139785,458.377688172043,22.788978494623656,17.322793827228057,488.0,3415405
541,542,43.0,10.255813953488373,456.3488372093023,324.0232558139535,8.745756006562189,102.0,104105
542,543,255.0,11.537254901960784,473.4980392156863,156.25098039215686,11.886535934767238,260.0,2892671
543,544,124.0,9.588709677419354,492.241935483871,237.4758064516129,29.754000960401104,235.0,166603
544,545,121.0,12.231404958677686,153.55371900826447,416.1487603305785,10.263755530970137,147.0,5222933
545,546,127.0,10.645669291338583,162.62992125984252,488.7165354330709,13.44886318513491,146.0,193942
546,547,805.0,15.229813664596273,167.74285714285713,335.11801242236027,19.715717304805118,196.0,2329192
547,548,1357.0,16.951363301400146,176.89904200442152,431.6669123065586,21.494611829516998,624.0,13514157
548,549,1822.0,17.67343578485181,176.9621295279912,327.8600439077936,21.6752363054296,687.0,12293387
549,550,231.0,11.012987012987013,190.43290043290042,361.6709956709957,15.06814129138647,227.0,3061230
550,551,70.0,12.714285714285714,195.71428571428572,156.4,14.31648564347978,63.0,2002901
551,552,2194.0,15.117593436645397,211.74430264357338,484.4380127620784,26.45617583915093,849.0,15845358
552,553,373.0,12.085790884718499,211.03485254691688,217.93833780160858,14.375987019685313,302.0,2682924
553,554,179.0,11.670391061452515,209.99441340782124,501.2737430167598,12.206064422255183,183.0,2190534
554,555,579.0,12.837651122625216,224.3091537132988,496.5768566493955,23.242341125684046,301.0,7984787
555,556,306.0,12.745098039215685,229.69281045751634,179.5751633986928,16.222146089100114,296.0,6301841
556,557,107.0,12.962616822429906,234.17757009345794,176.53271028037383,11.8232852970504,77.0,1681898
557,558,107.0,11.766355140186915,238.85046728971963,136.2710280373832,12.025080350588611,223.0,2050026
558,559,972.0,14.570987654320987,240.97530864197532,169.56687242798353,25.2510624289484,560.0,9285761
559,560,405.0,12.646913580246913,256.6296296296296,210.76296296296297,15.413000570716413,154.0,3843101
560,561,275.0,13.178181818181818,251.57454545454544,475.4727272727273,13.540670983199298,300.0,4831000
561,562,412.0,13.28883495145631,257.0995145631068,153.14320388349515,13.413183240914105,312.0,7922613
562,563,891.0,16.755331088664423,264.7867564534231,213.99102132435465,16.175468078563572,289.0,7433246
563,564,60.0,11.05,267.46666666666664,154.5,12.16836908503383,89.0,1809602
564,565,135.0,11.696296296296296,279.6222222222222,51.93333333333333,13.38181397225652,236.0,3811948
565,566,72.0,10.13888888888889,281.7916666666667,220.38888888888889,11.455660709508432,78.0,2567705
566,567,154.0,10.88961038961039,283.9155844155844,175.51298701298703,15.27025123002999,188.0,5203188
567,568,60.0,11.1,288.65,193.35,11.972988864497921,104.0,4191042
568,569,100.0,10.69,296.57,186.99,11.195217894925387,151.0,4625434
569,570,615.0,14.214634146341464,299.4926829268293,181.43252032520326,15.933091382066747,522.0,17140452
570,571,112.0,12.9375,291.58035714285717,184.6875,13.716666536135776,111.0,5316390
571,572,174.0,11.718390804597702,309.3333333333333,55.44252873563219,12.598717743675094,207.0,1885543
572,573,406.0,12.485221674876847,313.14039408866995,499.54679802955667,13.477199750268698,368.0,2941719
573,574,101.0,10.702970297029703,316.3168316831683,2.108910891089109,10.980869365475291,115.0,1462119
574,575,441.0,12.866213151927438,348.2675736961451,149.43764172335602,15.604402998031823,349.0,5614735
575,576,104.0,11.89423076923077,353.8173076923077,145.28846153846155,11.308019952190733,100.0,1865792
576,577,36.0,13.777777777777779,353.52777777777777,212.41666666666666,12.303518566932057,32.0,347105
577,578,916.0,15.018558951965066,382.10480349344977,196.83624454148472,17.86808467484747,656.0,8584120
578,579,215.0,11.227906976744187,392.42790697674417,462.6046511627907,11.362603007739985,228.0,2368317
579,580,61.0,11.21311475409836,393.8196721311475,386.60655737704917,7.573900883663995,100.0,1944551
580,581,338.0,11.931952662721894,397.8786982248521,442.1242603550296,14.863035792876614,255.0,3539153
581,582,593.0,12.279932546374368,453.90219224283305,6.718381112984823,17.475214330938325,342.0,3216697
582,583,3549.0,17.56973795435334,496.0490278951817,210.9287123133277,26.57960939760986,1559.0,13574039
583,584,975.0,13.855384615384615,495.3702564102564,132.15692307692308,17.32064560384731,493.0,4596134
584,585,743.0,15.036339165545087,494.0619111709287,197.55181695827724,15.666368861363296,303.0,6160168
585,586,1127.0,13.88997338065661,496.55989352262645,183.75510204081633,19.576295401308663,483.0,7924189
586,587,725.0,13.075862068965517,496.31724137931036,166.5448275862069,15.854342023562198,348.0,5047808
587,588,1107.0,16.85185185185185,500.5907859078591,173.7750677506775,19.68037632733592,471.0,4386194
588,589,37.0,11.594594594594595,115.86486486486487,100.83783783783784,8.949916686504238,83.0,345629
589,590,284.0,11.95774647887324,147.25,115.05281690140845,13.462721995162175,168.0,1967576
590,591,473.0,13.084566596194502,158.87526427061312,116.42706131078224,14.537545827540697,244.0,2053515
591,592,1787.0,16.418019026301064,161.3799664241746,419.86345831001677,20.562989244455476,732.0,15224024
592,593,1280.0,15.628125,183.3828125,399.05859375,22.93770806493888,494.0,8687445
593,594,633.0,17.32385466034755,202.66824644549763,162.4296998420221,22.30361309327478,224.0,5224594
594,595,460.0,12.982608695652173,212.45217391304348,162.29347826086956,15.039084567814914,273.0,9837087
595,596,150.0,11.74,229.73333333333332,162.38666666666666,12.303098923661098,176.0,5874697
596,597,109.0,13.46788990825688,230.3577981651376,493.5045871559633,12.12416990699312,106.0,2645711
597,598,744.0,13.713709677419354,231.31048387096774,238.85752688172042,18.52790178934898,300.0,1399194
598,599,187.0,13.005347593582888,263.2352941176471,144.93048128342247,14.138076101204314,192.0,2143328
599,600,316.0,13.335443037974683,266.6740506329114,158.93987341772151,16.162226668031803,254.0,4188116
600,601,321.0,14.4797507788162,280.3644859813084,229.62928348909657,14.496190815058057,215.0,4485987
601,602,481.0,15.145530145530145,285.8918918918919,181.36590436590436,15.694538497985322,337.0,7758884
602,603,396.0,13.921717171717171,294.3712121212121,196.11111111111111,16.795091002360742,380.0,14024951
603,604,28.0,12.035714285714286,300.2142857142857,157.39285714285714,7.983177860514444,24.0,381877
604,605,65.0,12.184615384615384,311.2153846153846,236.84615384615384,7.911633651063247,131.0,2602704
605,606,149.0,12.302013422818792,319.0536912751678,148.93959731543623,13.020522915287541,218.0,2152522
606,607,224.0,13.147321428571429,330.70535714285717,226.41071428571428,17.7591963911485,261.0,3040879
607,608,483.0,15.354037267080745,328.1138716356108,163.9606625258799,14.538799952837893,292.0,4439377
608,609,130.0,13.430769230769231,339.7153846153846,509.2846153846154,9.961271377631228,138.0,1599410
609,610,113.0,12.663716814159292,350.92035398230087,1.3539823008849559,10.883299047823263,110.0,1921660
610,611,425.0,13.470588235294118,350.5317647058824,77.49411764705883,13.414925762600548,363.0,2963542
611,612,351.0,13.327635327635328,363.45014245014244,190.9002849002849,12.828381380898565,306.0,6900559
612,613,27.0,11.148148148148149,377.77777777777777,151.22222222222223,7.227594734694399,62.0,902627
613,614,480.0,13.4875,379.71875,500.1770833333333,15.972396702127163,384.0,3733744
614,615,436.0,12.552752293577981,387.51376146788994,414.4151376146789,18.498548169834056,339.0,3932196
615,616,119.0,12.058823529411764,400.52100840336135,386.0504201680672,12.291076475185818,156.0,1873901
616,617,86.0,11.476744186046512,419.98837209302326,457.5,9.347929685055828,104.0,93017
617,618,248.0,12.112903225806452,481.508064516129,240.73387096774192,13.436324398036842,228.0,5076003
618,619,229.0,15.06113537117904,500.1834061135371,142.76855895196508,12.96600969064941,214.0,2348135
619,620,389.0,13.57840616966581,129.7043701799486,93.59125964010283,16.566167581823027,324.0,1731422
620,621,454.0,13.629955947136564,138.7555066079295,108.62555066079295,16.564034949279286,300.0,2451124
621,622,2390.0,18.29205020920502,180.25690376569037,495.01924686192467,23.845410815092965,1327.0,23307106
622,623,32.0,12.90625,196.5625,158.65625,13.833107326468333,14.0,472231
623,624,60.0,13.45,194.03333333333333,290.28333333333336,11.632539670317328,140.0,1778697
624,625,100.0,13.0,212.41,142.72,9.721582278926858,148.0,1597296
625,626,1329.0,17.994732881866064,221.1512415349887,504.69450714823176,19.922395993419645,564.0,11670266
626,627,204.0,12.627450980392156,222.98529411764707,449.23039215686276,14.674560049599672,191.0,1771196
627,628,442.0,14.457013574660634,225.1606334841629,217.82805429864254,16.684459610060834,265.0,4963577
628,629,227.0,16.030837004405285,228.12775330396477,467.7753303964758,14.285377096134601,174.0,3701199
629,630,327.0,14.409785932721713,230.52293577981652,371.0519877675841,23.871549467109205,365.0,6040700
630,631,2015.0,17.440694789081885,235.2153846153846,227.91265508684864,28.299184539535197,670.0,10035319
631,632,437.0,19.780320366132724,240.84897025171625,224.0091533180778,34.45615479770117,386.0,4960702
632,633,905.0,15.78232044198895,236.58563535911603,497.58011049723757,24.686342649045,518.0,8281637
633,634,32.0,12.125,244.71875,509.34375,10.040778793295903,40.0,850180
634,635,102.0,12.5,247.44117647058823,453.0980392156863,10.029957701177473,103.0,2003868
635,636,570.0,14.27719298245614,250.16140350877194,204.24561403508773,20.61880687182196,436.0,8121149
636,637,228.0,15.447368421052632,252.42543859649123,509.60526315789474,14.377863514821957,268.0,4541845
637,638,305.0,13.849180327868853,256.8983606557377,183.89508196721312,18.957803923951317,210.0,4313603
638,639,108.0,12.87037037037037,275.537037037037,509.80555555555554,14.261687048085562,108.0,1129352
639,640,315.0,15.6,291.81904761904764,159.1873015873016,13.673495072920874,306.0,4853429
640,641,142.0,13.19718309859155,299.65492957746477,160.16197183098592,12.056947022814644,128.0,1807390
641,642,552.0,14.331521739130435,300.9039855072464,9.31159420289855,15.102120943612245,365.0,3388783
642,643,270.0,14.92962962962963,299.3703703703704,144.65185185185186,15.26957976267597,226.0,2066869
643,644,52.0,13.076923076923077,304.21153846153845,204.71153846153845,10.66644857230734,155.0,5146572
644,645,133.0,12.601503759398497,313.76691729323306,222.05263157894737,11.547849762006585,131.0,3445763
645,646,379.0,15.108179419525065,310.68601583113457,171.844327176781,15.508162950505701,263.0,4992736
646,647,301.0,14.272425249169435,345.1063122923588,51.1063122923588,15.859344776573959,286.0,1975306
647,648,967.0,16.120992761116856,348.02171664943126,183.35056876938987,24.895652019350596,469.0,10818445
648,649,903.0,16.879291251384274,394.80066445182723,507.8471760797342,20.37852626459745,386.0,3014795
649,650,83.0,12.421686746987952,413.6024096385542,404.2289156626506,9.93845554789018,83.0,1505903
650,651,307.0,15.006514657980455,417.77198697068405,403.785016286645,12.59918459623331,305.0,7570849
651,652,101.0,12.623762376237623,444.7227722772277,362.6732673267327,10.474904824994189,153.0,132458
652,653,51.0,12.411764705882353,446.52941176470586,308.03921568627453,9.021873303703659,90.0,691042
653,654,216.0,13.722222222222221,470.4583333333333,262.5416666666667,16.341169754515366,242.0,1846193
654,655,811.0,14.514180024660913,481.54993834771886,89.5881627620222,30.20747334967613,583.0,3571375
655,656,401.0,14.324189526184538,484.6234413965087,192.12718204488777,15.402764690115198,318.0,3611048
656,657,401.0,14.229426433915211,490.1197007481297,230.87531172069825,15.787952510904317,281.0,4588206
657,658,1446.0,17.16182572614108,68.88589211618257,106.13208852005532,18.94760612052518,632.0,2200927
658,659,562.0,15.729537366548042,69.23487544483986,53.104982206405694,14.495599357833685,401.0,2103652
659,660,534.0,15.441947565543071,72.13857677902622,2.904494382022472,16.826105559187617,297.0,977424
660,661,493.0,15.683569979716024,64.23529411764706,71.65314401622717,24.71601507224807,380.0,2279911
661,662,2624.0,18.516006097560975,65.90205792682927,90.52134146341463,26.75906977538451,1157.0,8803579
662,663,1168.0,17.470890410958905,156.08904109589042,162.4751712328767,21.863402967382523,632.0,10048244
663,664,1287.0,19.204351204351205,156.13053613053614,408.1926961926962,21.98416246097977,510.0,7698503
664,665,286.0,16.52097902097902,177.23426573426573,393.82167832167835,22.35908615668584,117.0,2256611
665,666,1572.0,17.658396946564885,169.50763358778627,398.779262086514,25.248826912967093,450.0,7730015
666,667,39.0,15.64102564102564,175.87179487179486,489.3333333333333,10.163278848460553,33.0,401257
667,668,1254.0,18.291068580542266,210.78389154704945,494.56539074960125,21.62667540543046,366.0,6381128
668,669,362.0,14.218232044198896,233.0027624309392,442.1988950276243,16.174507363671914,338.0,7784806
669,670,270.0,14.192592592592593,234.1259259259259,382.9851851851852,17.453156104315738,245.0,5178640
670,671,31.0,13.193548387096774,239.51612903225808,394.258064516129,7.447273420531571,67.0,842762
671,672,1713.0,17.636310566258025,268.5995329830706,245.21074138937536,23.98707630924317,824.0,10108664
672,673,112.0,13.508928571428571,275.16964285714283,190.5625,10.72022967272744,97.0,2758757
673,674,477.0,15.580712788259959,283.19287211740044,221.832285115304,19.171877858020856,230.0,5317211
674,675,238.0,14.714285714285714,359.109243697479,508.44117647058823,15.100989615387768,181.0,1996400
675,676,85.0,14.388235294117647,358.0352941176471,165.2,10.120618483590219,121.0,4143281
676,677,587.0,14.925042589437819,393.49574105621804,480.9795570698467,16.5901997688201,448.0,5852421
677,678,405.0,14.88641975308642,414.0320987654321,393.0740740740741,14.038470582916677,359.0,4907884
678,679,984.0,16.003048780487806,429.2906504065041,378.3262195121951,18.181664473407317,606.0,9900008
679,680,571.0,15.555166374781086,467.0910683012259,40.660245183887916,18.741948279927854,499.0,3744710
680,681,930.0,16.766666666666666,479.3333333333333,57.14086021505376,19.95711273132081,611.0,5038978
681,682,660.0,17.736363636363638,33.23939393939394,41.70151515151515,14.39665019788283,415.0,2228312
682,683,134.0,17.440298507462686,66.52985074626865,78.05223880597015,10.759570089628607,97.0,1106120
683,684,1897.0,17.787032156035846,103.11280969952557,133.3426462836057,27.492618680885286,887.0,3809995
684,685,55.0,15.309090909090909,156.45454545454547,144.29090909090908,9.916410832316144,17.0,224334
685,686,59.0,18.627118644067796,171.42372881355934,426.79661016949154,11.839928587896313,98.0,2175194
686,687,1024.0,17.0546875,202.310546875,502.9375,23.093405630791604,424.0,11612986
687,688,246.0,15.959349593495935,215.760162601626,155.67073170731706,15.181335461597163,164.0,3099605
688,689,668.0,17.18562874251497,220.14670658682635,443.9715568862275,26.944273169448707,557.0,15173666
689,690,901.0,18.368479467258602,221.81465038845727,473.5882352941176,23.44065071409446,565.0,10264712
690,691,190.0,15.08421052631579,241.93684210526317,155.32105263157894,11.795537317863015,166.0,3273999
691,692,157.0,15.687898089171975,242.6751592356688,188.96815286624204,13.0984647465208,204.0,4790506
692,693,1537.0,16.579700715679895,261.5927130774235,462.95640858815875,23.90367479032537,723.0,3255426
693,694,1920.0,20.503645833333334,249.80885416666666,454.4453125,23.51146186053027,1184.0,10421020
694,695,1015.0,19.16256157635468,276.2256157635468,220.7871921182266,19.80089261834866,333.0,6001672
695,696,587.0,17.69505962521295,316.335604770017,197.43781942078365,15.5742097772781,327.0,6264379
696,697,1002.0,16.89620758483034,328.062874251497,198.74151696606788,24.70552018382241,458.0,6458674
697,698,1029.0,21.26919339164237,336.34402332361515,191.10204081632654,17.44090018958571,515.0,6375840
698,699,21.0,16.238095238095237,357.0952380952381,157.71428571428572,8.802426514062207,12.0,275942
699,700,239.0,16.02092050209205,375.98326359832635,169.80334728033472,11.932749140049218,204.0,2754446
700,701,116.0,14.801724137931034,411.4568965517241,480.61206896551727,12.711308246362732,158.0,2264592
701,702,43.0,14.44186046511628,414.48837209302326,509.5348837209302,8.662088938806528,60.0,66979
702,703,809.0,17.50679851668727,474.3053152039555,271.42521631644007,18.30794140475125,547.0,2460850
703,704,381.0,16.868766404199476,479.3044619422572,73.46456692913385,16.343288605952278,312.0,2619759
704,705,1841.0,19.848451928299838,49.05051602390005,74.74904942965779,21.29810003440618,1005.0,6771181
705,706,200.0,16.995,158.45,136.115,13.837358742447723,72.0,877458
706,707,865.0,19.690173410404626,183.60462427745665,156.58034682080924,22.697008625305067,452.0,9176459
707,708,219.0,16.41552511415525,189.80365296803652,348.93150684931504,11.148814508438214,234.0,3544045
708,709,537.0,17.90689013035382,188.9124767225326,410.5418994413408,20.12816218893363,382.0,4338127
709,710,797.0,17.855708908406523,197.20828105395233,147.6750313676286,19.513083479860562,456.0,5684799
710,711,273.0,16.153846153846153,205.24175824175825,153.28205128205127,13.237235789131734,130.0,1854900
711,712,57.0,15.175438596491228,208.43859649122808,437.2280701754386,10.686964662675718,55.0,2316822
712,713,2174.0,23.190892364305427,208.4728610855566,453.81876724931004,24.298634884459652,990.0,21324148
713,714,3557.0,22.607253303345516,210.39302783244307,212.95782963171212,26.06481681108331,1442.0,19882202
714,715,1370.0,18.76204379562044,216.7233576642336,235.65839416058395,22.93852653790334,597.0,5332120
715,716,479.0,17.012526096033405,224.7724425887265,245.60334029227556,16.961724059082034,253.0,2313224
716,717,1336.0,20.543413173652695,236.04790419161677,160.39221556886227,19.994542495816965,815.0,10573404
717,718,618.0,18.48220064724919,254.0873786407767,397.1990291262136,14.284779144266732,402.0,2414843
718,719,435.0,17.914942528735633,273.82528735632184,202.6367816091954,17.442431917927138,244.0,5458353
719,720,656.0,17.304878048780488,288.9801829268293,171.02896341463415,22.371418427859677,333.0,4927038
720,721,157.0,17.02547770700637,284.80254777070064,238.8535031847134,10.971338635136767,108.0,1842707
721,722,665.0,18.03609022556391,319.38646616541354,182.45714285714286,17.19118311604342,248.0,5300611
722,723,330.0,17.6,341.9878787878788,173.28484848484848,16.293644274621922,198.0,2867079
723,724,475.0,16.332631578947368,404.7263157894737,453.97473684210524,16.204929883040656,345.0,4327465
724,725,37.0,15.08108108108108,409.56756756756755,467.0810810810811,9.871314311462864,68.0,1550422
725,726,341.0,16.66275659824047,425.65102639296185,426.3636363636364,15.689596492812074,296.0,4217859
726,727,437.0,18.048054919908466,492.3386727688787,128.91762013729976,16.55859656106214,321.0,2916799
727,728,1419.0,21.244538407329106,499.50246652572235,158.76532769556025,22.42436320726247,704.0,7134256
728,729,929.0,21.61463939720129,50.28955866523143,4.041980624327233,14.308437268709731,515.0,4711733
729,730,86.0,16.988372093023255,82.75581395348837,82.9186046511628,10.206899507082488,148.0,1355272
730,731,1346.0,19.993313521545318,83.45393759286776,99.99851411589896,20.9335107157519,854.0,8007620
731,732,4643.0,22.485677363773423,147.17617919448634,466.95563213439584,42.641998733887085,1508.0,14205656
732,733,58.0,17.310344827586206,173.58620689655172,501.98275862068965,6.482756853980658,75.0,1589062
733,734,1093.0,24.253430924062215,177.4711802378774,388.14821591948765,20.43367004536669,450.0,7294485
734,735,1000.0,19.482,198.488,401.925,16.151287319746405,447.0,4828843
735,736,63.0,17.174603174603174,207.46031746031747,460.8412698412698,9.692894453396885,57.0,1980418
736,737,492.0,18.400406504065042,211.91463414634146,180.640243902439,19.9204878484116,261.0,4731211
737,738,53.0,17.11320754716981,228.56603773584905,451.811320754717,7.57613306493698,65.0,1326838
738,739,93.0,19.032258064516128,228.7741935483871,502.4516129032258,13.628415810557575,69.0,1401383
739,740,108.0,19.90740740740741,232.13888888888889,502.30555555555554,11.973180064120616,46.0,623720
740,741,54.0,18.14814814814815,231.90740740740742,508.5740740740741,7.819875661086148,34.0,614012
741,742,263.0,18.634980988593156,237.88593155893537,506.43726235741445,12.34913731212885,153.0,2074211
742,743,378.0,18.724867724867725,275.74603174603175,250.16931216931218,13.710711221520812,209.0,1401833
743,744,347.0,18.386167146974064,282.3746397694525,211.0864553314121,14.75149180814522,204.0,3343501
744,745,326.0,18.015337423312882,359.27914110429447,156.90797546012269,14.570570015516655,227.0,2157623
745,746,595.0,17.81512605042017,394.0436974789916,496.1193277310924,21.09574943791477,373.0,3854300
746,747,809.0,21.464771322620518,478.33868974042025,44.78368355995055,18.844317828292194,600.0,2644814
747,748,1758.0,21.3287827076223,494.9920364050057,146.4965870307167,22.938812593704835,712.0,4915097
748,749,944.0,21.52012711864407,496.65360169491527,176.73728813559322,21.50534527739866,433.0,5997996
749,750,1981.0,21.391216557294296,40.13932357395255,51.9439676930843,24.601869884390478,837.0,4886436
750,751,2738.0,23.28853177501826,90.18005843681519,127.04236669101535,27.078322025116783,1234.0,12300143
751,752,1004.0,20.495019920318725,138.23804780876495,147.38545816733068,18.00561373472435,470.0,3733917
752,753,453.0,19.280353200883003,137.48344370860926,104.40618101545253,15.976381815011816,374.0,1699185
753,754,2661.0,22.47651258925216,149.52198421645997,138.5182262307403,29.920823738869483,1037.0,6883466
754,755,544.0,19.727941176470587,166.81066176470588,390.46139705882354,18.86017970410043,258.0,2526254
755,756,501.0,20.405189620758485,175.4690618762475,336.7325349301397,17.130888178130824,240.0,5701045
756,757,2484.0,21.959339774557165,187.67391304347825,216.35829307568437,29.10508345968968,1024.0,11263878
757,758,412.0,19.32766990291262,193.19660194174756,295.9611650485437,13.507767510555338,336.0,2395898
758,759,356.0,20.15449438202247,193.23595505617976,342.53932584269666,15.347609431986335,299.0,4918494
759,760,150.0,17.933333333333334,201.45333333333335,367.0466666666667,12.112412405624976,213.0,6805790
760,761,928.0,23.677801724137932,199.61637931034483,477.07758620689657,17.365012657445718,488.0,8311680
761,762,3276.0,22.993894993894994,210.751221001221,392.0137362637363,29.262987625342536,922.0,10490342
762,763,33.0,17.060606060606062,204.9090909090909,175.87878787878788,10.142627795242419,23.0,658581
763,764,182.0,20.318681318681318,209.04945054945054,178.6043956043956,14.6711128045088,180.0,4387257
764,765,522.0,20.18773946360153,217.38888888888889,436.31609195402297,15.351365304256134,317.0,5242537
765,766,455.0,19.83076923076923,234.12527472527472,214.8901098901099,16.91128559377459,224.0,3690822
766,767,26.0,17.0,240.1153846153846,177.84615384615384,11.461588344778784,34.0,404849
767,768,15.0,17.666666666666668,239.33333333333334,450.26666666666665,5.93021603505521,48.0,312552
768,769,222.0,20.04954954954955,255.94144144144144,404.94594594594594,12.16212590293315,145.0,1093729
769,770,359.0,18.701949860724234,256.016713091922,388.05849582172704,15.27068086733376,241.0,1345835
770,771,17.0,19.823529411764707,252.8235294117647,403.47058823529414,7.867922739922978,23.0,317201
771,772,444.0,19.493243243243242,283.6936936936937,164.45045045045046,14.148313454086187,314.0,1993414
772,773,341.0,18.521994134897362,309.6158357771261,175.36070381231673,14.998974207228594,171.0,2280568
773,774,556.0,20.841726618705035,313.16007194244605,179.08453237410072,19.53886888044921,241.0,2639976
774,775,245.0,19.053061224489795,307.1020408163265,188.69387755102042,14.6030906505697,121.0,2203240
775,776,31.0,17.903225806451612,321.2903225806452,218.4516129032258,6.814481464471239,82.0,548835
776,777,219.0,18.684931506849313,357.9497716894977,209.54337899543378,12.764851650152261,243.0,2528626
777,778,947.0,20.302006335797255,415.98732840549104,498.7265047518479,18.504269258978134,495.0,4838570
778,779,180.0,18.55,430.73333333333335,410.27777777777777,11.204255001910788,197.0,3094290
779,780,925.0,21.71135135135135,466.2205405405405,20.694054054054053,22.238823634082564,865.0,6094877
780,781,805.0,23.593788819875776,70.68819875776397,112.27453416149068,16.62287808276955,536.0,3460683
781,782,533.0,20.26078799249531,86.1594746716698,64.88930581613508,15.389466365283564,397.0,2563449
782,783,339.0,19.495575221238937,119.85250737463127,105.26253687315634,14.037694256919899,226.0,818251
783,784,412.0,20.37378640776699,157.52912621359224,508.44174757281553,17.885747105366864,253.0,3133970
784,785,73.0,18.054794520547944,164.27397260273972,493.0,14.041741587649451,79.0,1067045
785,786,683.0,20.39385065885798,171.6632503660322,483.307467057101,17.97807273511613,484.0,9124369
786,787,69.0,20.26086956521739,169.0,495.40579710144925,7.990239921255268,107.0,1870388
787,788,1570.0,24.322292993630573,177.56496815286624,165.1216560509554,22.161353309395288,479.0,13410793
788,789,1769.0,21.93951384963256,183.9655172413793,470.3487846240814,20.876736710540346,892.0,13226268
789,790,139.0,19.309352517985612,203.89208633093526,424.9424460431655,11.600367351533034,198.0,3532677
790,791,274.0,19.572992700729927,214.3065693430657,250.82116788321167,12.362830591588896,181.0,2134814
791,792,392.0,20.038265306122447,226.0076530612245,193.92602040816325,14.223002162898227,273.0,4365607
792,793,67.0,18.238805970149254,232.62686567164178,205.5820895522388,10.823980385538423,79.0,1655102
793,794,449.0,19.65924276169265,250.64810690423164,197.42538975501114,16.1339424367898,336.0,3921876
794,795,436.0,21.206422018348626,255.53669724770643,408.4633027522936,16.724423655387643,292.0,2602018
795,796,2708.0,23.52954209748892,264.6824224519941,216.7019940915805,34.80424584338227,901.0,12798853
796,797,897.0,20.432552954292085,272.7748049052397,390.8773690078038,22.932426369107116,587.0,7212050
797,798,391.0,19.872122762148337,298.5703324808184,200.1611253196931,16.18381088957014,242.0,2805362
798,799,156.0,19.76923076923077,423.1025641025641,457.30128205128204,11.146530892001847,217.0,3354877
799,800,231.0,20.31168831168831,430.6233766233766,400.12554112554113,14.350419418100397,250.0,3767427
800,801,261.0,19.93486590038314,448.0536398467433,314.5478927203065,10.706689721235314,274.0,2866172
801,802,384.0,21.239583333333332,475.5130208333333,278.6197916666667,15.222225310572533,225.0,1022926
802,803,214.0,20.8411214953271,493.2943925233645,107.58878504672897,12.203761202789469,244.0,1207834
803,804,1865.0,23.66970509383378,40.37801608579088,33.29436997319035,25.30049085413386,732.0,3050970
804,805,935.0,21.975401069518718,57.2620320855615,17.937967914438502,17.03152239320307,367.0,1728249
805,806,730.0,21.972602739726028,59.25342465753425,164.89178082191782,21.25516798095274,542.0,667602
806,807,60.0,19.366666666666667,114.95,118.78333333333333,8.698219334999102,100.0,1096635
807,808,423.0,21.74468085106383,118.8581560283688,112.13475177304964,17.995100741294237,291.0,2384915
808,809,1003.0,20.916251246261215,132.27218344965104,212.098703888335,23.11822763228803,568.0,520349
809,810,125.0,20.968,166.44,250.368,9.549498865391955,194.0,154698
810,811,1587.0,23.664776307498425,170.30686830497794,417.1783238815375,21.21353617796741,579.0,6370886
811,812,1420.0,24.08450704225352,178.18309859154928,178.44507042253522,29.85506588168638,549.0,7353294
812,813,47.0,19.127659574468087,189.4255319148936,390.02127659574467,11.629768247425785,42.0,870974
813,814,214.0,21.813084112149532,184.0981308411215,326.60280373831773,15.048623037222088,67.0,872246
814,815,1547.0,23.365869424692953,194.89140271493213,384.47899159663865,22.885059584125166,696.0,8580934
815,816,2156.0,23.975417439703154,198.6173469387755,169.4596474953618,27.07258661341297,480.0,8552373
816,817,440.0,20.881818181818183,207.66363636363636,225.37727272727273,17.044394340961215,155.0,1916017
817,818,1310.0,24.20763358778626,207.37786259541986,435.82824427480915,22.126911087504496,572.0,8371674
818,819,512.0,22.296875,214.509765625,173.2578125,15.397159661992733,275.0,6074725
819,820,877.0,21.85860889395667,220.63055872291903,352.67616875712656,18.290421767501712,474.0,8538598
820,821,220.0,20.422727272727272,223.08636363636364,181.69545454545454,13.161233468590874,117.0,2543012
821,822,315.0,21.444444444444443,220.65079365079364,189.43174603174603,27.158321978180986,153.0,1777124
822,823,283.0,22.975265017667844,231.5088339222615,200.6572438162544,16.530240014359077,292.0,4347142
823,824,76.0,20.25,236.22368421052633,463.0131578947368,8.294805410458727,85.0,852514
824,825,20.0,20.2,241.1,460.9,11.7267571729081,24.0,236905
825,826,755.0,23.905960264900664,274.6384105960265,408.2331125827815,21.9857227424992,555.0,4095164
826,827,561.0,21.370766488413548,286.11229946524065,409.65418894830657,13.69061275464867,320.0,2587889
827,828,459.0,21.29847494553377,294.51851851851853,193.99782135076254,16.473662891948766,211.0,2804623
828,829,875.0,24.184,296.688,409.2251428571429,18.683782730020205,522.0,8833952
829,830,968.0,23.8150826446281,315.09090909090907,194.95454545454547,17.56986571828292,426.0,3779666
830,831,445.0,20.921348314606742,349.1011235955056,159.78876404494383,14.699205091814273,324.0,2272354
831,832,361.0,20.695290858725762,420.82825484764544,472.64542936288086,15.337042828606657,320.0,3273383
832,833,1214.0,23.168039538714993,472.74217462932455,302.7932454695222,16.80317978810842,657.0,4078527
833,834,806.0,22.801488833746898,493.53101736972707,196.85359801488835,16.164214427371984,438.0,5286435
834,835,1132.0,24.57243816254417,48.602473498233216,16.496466431095406,23.61603438087262,296.0,1463161
835,836,767.0,23.359843546284225,104.69621903520209,106.85658409387223,17.8942419422322,575.0,3087189
836,837,1962.0,24.307339449541285,114.8256880733945,140.0540265035678,36.844318811756224,648.0,4999682
837,838,3291.0,24.036463081130357,128.76694013977516,479.34427225767246,30.699453602772216,906.0,7019409
838,839,605.0,23.239669421487605,144.04793388429752,507.40826446280994,16.49869136584231,432.0,6278039
839,840,1392.0,24.251436781609197,166.47988505747125,400.30172413793105,19.892622564723332,417.0,7936984
840,841,577.0,23.12824956672444,190.79722703639516,149.93240901213173,15.942886992462663,327.0,3452318
841,842,2106.0,24.296771130104464,194.1894586894587,326.27967711301045,27.0129113165288,897.0,8927392
842,843,1090.0,24.094495412844037,194.3862385321101,487.49357798165136,23.413942995413393,560.0,9725789
843,844,217.0,21.755760368663594,193.87557603686636,351.7281105990783,12.159098611015967,178.0,3837008
844,845,92.0,21.83695652173913,195.56521739130434,368.4891304347826,10.11933671297825,191.0,1201614
845,846,1158.0,23.998272884283246,204.27461139896374,234.43177892918825,23.69707675520045,535.0,4024640
846,847,998.0,24.72244488977956,205.21442885771543,157.2434869739479,18.459133261509514,404.0,3079863
847,848,707.0,22.577086280056577,208.5997171145686,344.4130127298444,20.314252520226837,529.0,8377685
848,849,21.0,21.80952380952381,213.0952380952381,439.23809523809524,18.59811397993397,16.0,206552
849,850,317.0,22.77917981072555,213.49842271293375,188.98422712933754,18.926726964443905,242.0,3231798
850,851,1123.0,23.991985752448798,228.65271593944792,396.30899376669635,19.391417425917595,574.0,5320182
851,852,398.0,25.41959798994975,263.40452261306535,405.2964824120603,14.779524263906902,238.0,1497173
852,853,594.0,22.68013468013468,277.3989898989899,182.7070707070707,14.284218910536614,425.0,4345706
853,854,1101.0,24.222524977293368,295.36512261580384,185.74841053587647,19.101348498217902,484.0,4798131
854,855,417.0,22.5947242206235,326.136690647482,220.0263788968825,14.151578229949257,417.0,1513814
855,856,383.0,22.12271540469974,350.84856396866843,188.7650130548303,13.552070107142528,312.0,2793698
856,857,266.0,21.48872180451128,410.6390977443609,382.6842105263158,11.68166551296438,255.0,916061
857,858,1861.0,24.011284255776463,418.9666845781838,487.579795808705,23.93736519997968,763.0,3928038
858,859,1192.0,23.230704697986578,472.6761744966443,289.3691275167785,21.298327441026846,611.0,3548053
859,860,1337.0,25.035153328347047,495.7255048616305,126.08601346297681,32.851332062369806,721.0,3012620
860,861,638.0,24.61912225705329,55.37931034482759,25.70846394984326,17.638269117742425,105.0,479020
861,862,1723.0,24.430644225188626,63.93151479976785,53.62797446314568,29.734864542279063,800.0,4961263
862,863,1033.0,24.556631171345597,105.20425943852855,138.96999031945788,18.85671720811369,270.0,2651488
863,864,1139.0,24.646180860403863,126.43634767339772,148.9692712906058,21.016703791791027,266.0,1785551
864,865,2605.0,24.3489443378119,137.25220729366603,163.79385796545105,29.23907534699604,857.0,9089359
865,866,82.0,22.585365853658537,136.8658536585366,132.41463414634146,9.837716457772077,118.0,1260313
866,867,983.0,24.14140386571719,150.84944048830113,313.26042726347913,18.44038755172564,686.0,1168812
867,868,1014.0,24.995069033530573,160.68145956607495,174.53451676528599,20.70670634861241,404.0,7948174
868,869,204.0,23.475490196078432,195.22058823529412,228.19607843137254,17.79201110115403,104.0,1107782
869,870,1219.0,25.14766201804758,220.84331419196062,504.0672682526661,26.777236753887504,423.0,4495594
870,871,117.0,23.358974358974358,226.67521367521368,347.65811965811963,15.080892580462601,55.0,392339
871,872,58.0,22.017241379310345,236.63793103448276,367.17241379310343,7.920800418581229,118.0,1372442
872,873,354.0,24.370056497175142,243.5310734463277,198.16101694915255,14.980058777039263,268.0,2421331
873,874,406.0,23.714285714285715,248.33251231527095,386.11330049261085,14.77905225940427,344.0,593952
874,875,769.0,24.310793237971392,283.70091027308194,192.05461638491548,17.29877828968518,321.0,5216497
875,876,361.0,22.049861495844876,307.45429362880884,388.2271468144044,16.233746892187167,244.0,3794228
876,877,487.0,24.098562628336754,377.06160164271046,270.8501026694045,14.883865527388364,392.0,422870
877,878,548.0,24.90875912408759,464.1094890510949,4.302919708029197,16.022067923622664,318.0,1977140
878,879,1165.0,24.755364806866954,71.17682403433476,73.31502145922747,19.851785106341108,607.0,3364737
879,880,333.0,25.48948948948949,64.71171171171171,86.21621621621621,13.870016027038096,185.0,1262032
880,881,837.0,24.691756272401435,107.54719235364396,502.48148148148147,20.58673156085723,584.0,7861493
881,882,81.0,23.864197530864196,129.0,508.85185185185185,8.308271524788841,106.0,1429175
882,883,538.0,25.321561338289964,129.34758364312268,463.2843866171004,18.012335938830933,170.0,1829666
883,884,184.0,24.331521739130434,133.6086956521739,458.6141304347826,12.203735810684009,86.0,454735
884,885,434.0,23.158986175115206,139.8963133640553,118.2741935483871,15.812821801208909,352.0,1629320
885,886,44.0,22.954545454545453,154.70454545454547,495.65909090909093,9.206630091852345,96.0,1259940
886,887,156.0,24.91025641025641,158.99358974358975,414.3525641025641,9.899818506604781,124.0,1675016
887,888,1290.0,25.094573643410854,164.03178294573644,473.29922480620155,25.9104676808399,536.0,8655598
888,889,267.0,25.352059925093634,199.64044943820224,215.77528089887642,16.785792555637574,51.0,698273
889,890,683.0,25.017569546120058,209.84773060029283,473.6310395314788,16.953330991047938,356.0,3783553
890,891,326.0,24.73006134969325,230.14417177914112,347.28834355828224,14.433243881507615,202.0,1466406
891,892,657.0,25.40639269406393,248.3668188736682,206.44444444444446,17.75975533915954,358.0,3514078
892,893,1071.0,25.11484593837535,254.48832866479924,238.84593837535013,21.825782124763542,506.0,6235996
893,894,615.0,25.216260162601625,278.32682926829267,236.3560975609756,16.126171103571973,399.0,4851847
894,895,1038.0,24.942196531791907,303.7495183044316,219.91618497109826,21.583994519239372,575.0,5482246
895,896,479.0,25.4384133611691,318.4217118997912,186.8893528183716,16.38342761552592,262.0,2052669
896,897,590.0,24.857627118644068,443.54237288135596,395.5271186440678,15.79040482232532,438.0,1318370
897,898,911.0,25.042810098792536,456.0186608122942,331.82217343578486,19.167523295865355,534.0,2536907
898,899,381.0,25.73753280839895,53.84776902887139,80.71653543307086,14.468408843914048,224.0,1612693
899,900,788.0,25.29568527918782,62.21192893401015,32.51015228426396,19.81354156981947,313.0,2258752
900,901,436.0,25.78211009174312,82.01834862385321,116.83256880733946,16.578554733766065,192.0,2314964
901,902,35.0,24.62857142857143,82.97142857142858,121.28571428571429,11.04945597401093,26.0,369732
902,903,52.0,23.71153846153846,122.17307692307692,119.0576923076923,10.395899333257216,86.0,987934
903,904,200.0,25.315,152.56,486.42,9.814071863790794,227.0,4901430
904,905,491.0,25.519348268839103,163.24847250509166,148.27902240325867,14.54674183463658,250.0,1876822
905,906,629.0,25.262321144674086,190.07790143084262,455.0635930047695,17.272444223822262,408.0,7313953
906,907,482.0,24.63278008298755,246.69709543568464,249.84647302904565,16.529490998640174,272.0,2043915
907,908,541.0,25.362292051756008,273.84473197781887,204.5841035120148,16.48244343223978,274.0,3441353
908,909,453.0,25.309050772626932,483.9072847682119,74.6158940397351,14.372481789038488,362.0,1616120
909,910,273.0,25.97069597069597,40.64102564102564,88.63369963369964,14.012263519635699,250.0,612288
910,911,348.0,26.21551724137931,79.12931034482759,101.29885057471265,23.089443709591627,265.0,2136737
911,912,458.0,25.82532751091703,161.207423580786,111.16157205240175,17.318014899905968,324.0,1015476
912,913,240.0,25.779166666666665,161.02916666666667,206.02916666666667,13.940046085400251,250.0,975334
913,914,337.0,25.979228486646885,165.1721068249258,488.64094955489617,16.53688801272067,175.0,3107966
914,915,105.0,26.34285714285714,166.5047619047619,497.0190476190476,11.084792153947083,87.0,1338129
915,916,203.0,25.866995073891626,172.72413793103448,492.7586206896552,12.018910571406172,73.0,1186424
916,917,348.0,25.942528735632184,172.5632183908046,217.82758620689654,15.710585764359719,165.0,1365059
917,918,212.0,26.183962264150942,177.12264150943398,499.061320754717,15.852003743918246,108.0,1715713
918,919,458.0,26.12882096069869,183.34497816593887,225.52183406113537,21.40280473252952,204.0,2416440
919,920,115.0,25.704347826086956,187.6695652173913,414.10434782608695,12.088111990418343,137.0,1527179
920,921,158.0,25.89873417721519,189.28481012658227,499.05696202531647,11.588429427997832,177.0,3064708
921,922,527.0,26.110056925996204,197.47248576850095,404.07779886148006,25.385989277529802,301.0,4012649
922,923,492.0,25.758130081300813,203.09146341463415,501.3150406504065,16.150992579924264,254.0,3696041
923,924,262.0,25.942748091603054,200.56870229007635,304.8320610687023,12.530821144105404,238.0,1749014
924,925,352.0,25.772727272727273,216.1931818181818,244.2840909090909,13.84266813423338,241.0,2650480
925,926,225.0,26.173333333333332,219.29333333333332,340.70666666666665,13.153260520313973,148.0,2165689
926,927,204.0,25.61764705882353,248.41176470588235,172.61764705882354,11.720378152434474,216.0,1526354
927,928,155.0,26.425806451612903,252.36774193548388,394.7548387096774,12.279358333509478,159.0,1181473
928,929,441.0,26.063492063492063,260.7437641723356,366.2018140589569,16.78371429930421,286.0,1360447
929,930,393.0,25.786259541984734,281.33078880407123,223.8295165394402,17.797988985392404,189.0,2645446
930,931,963.0,25.765316718587748,284.9615784008307,376.88369678089305,33.994706113101,527.0,6434223
931,932,829.0,25.501809408926416,336.56694813027747,381.58986731001204,21.296715245483504,419.0,4218566
932,933,334.0,25.847305389221557,431.70958083832335,466.84131736526945,20.485713997462696,330.0,1567434
933,934,551.0,25.59165154264973,448.8076225045372,313.4519056261343,16.569751222026547,344.0,965085
934,935,187.0,26.106951871657753,500.4331550802139,195.91978609625667,13.48983033228921,124.0,1219162
935,936,27.0,25.22222222222222,46.51851851851852,117.92592592592592,7.600725989251293,66.0,71646
936,937,240.0,26.291666666666668,125.425,506.30833333333334,12.885832464674733,156.0,2248355
937,938,125.0,26.072,156.536,163.888,11.244251442407402,131.0,3150040
938,939,302.0,26.258278145695364,167.8708609271523,455.7450331125828,16.461257666474417,220.0,2373922
939,940,254.0,26.374015748031496,175.6535433070866,150.3779527559055,15.37461195766133,172.0,1474718
940,941,329.0,26.224924012158056,182.93313069908814,408.1854103343465,16.83303903788693,128.0,1590433
941,942,143.0,26.475524475524477,220.03496503496504,198.0,13.56769705869492,154.0,1093478
942,943,164.0,26.536585365853657,216.78658536585365,416.6829268292683,14.85154246813286,154.0,1015725
943,944,317.0,26.255520504731862,243.82965299684543,181.47003154574134,18.361493358857377,213.0,2097572
944,945,93.0,26.516129032258064,245.29032258064515,409.0537634408602,9.942620923707922,141.0,662406
945,946,160.0,26.44375,262.78125,183.29375,13.333686915495155,152.0,1195661
946,947,174.0,26.580459770114942,268.82183908045977,190.45402298850576,14.003606586190303,143.0,1363676
947,948,226.0,26.504424778761063,309.4513274336283,377.70353982300884,14.959884063447271,193.0,2262806
948,949,445.0,26.471910112359552,317.24269662921347,412.2067415730337,35.109033744346895,363.0,5768771
949,950,29.0,25.896551724137932,309.7241379310345,415.2758620689655,7.496137028376881,31.0,498835
950,951,246.0,26.16260162601626,323.7845528455285,175.48373983739836,13.430420015365943,208.0,1341792
951,952,32.0,25.53125,327.28125,387.21875,6.375098938942352,46.0,564481
952,953,42.0,26.285714285714285,466.54761904761904,13.69047619047619,8.46579627554047,23.0,140278
953,954,109.0,26.568807339449542,98.89908256880734,98.55963302752293,10.437296373314151,113.0,542405
954,955,50.0,26.62,118.84,455.98,7.244886026920317,76.0,505802
955,956,311.0,26.508038585209004,180.76527331189712,198.5016077170418,18.534787707396752,150.0,2247998
956,957,63.0,26.825396825396826,207.52380952380952,364.4761904761905,11.383943141505128,104.0,370204
957,958,107.0,26.60747663551402,241.9626168224299,346.5233644859813,10.82462185930613,117.0,883243
958,959,182.0,26.521978021978022,271.3076923076923,249.92857142857142,15.014425109535575,147.0,1825921
959,960,243.0,26.506172839506174,339.7283950617284,365.62139917695475,16.247491074881808,162.0,739688
960,961,288.0,26.520833333333332,354.90625,392.0625,16.944142529332858,180.0,916992
